timestamp(ms),GPS.Lat,GPS.Alt,GPS.Lng,IMU.AccX,IMU.AccY,RCOU.C1,RCOU.C3,DCM.Yaw,IMU.GyrZ
4735502.996,634014791,218.69,103149566,0.030139906331896782,-0.15753871202468872,1510,1510,252.8214111328125,0.0036399078089743853
4735602.996,634014791,218.69,103149566,0.0342528261244297,-0.1607118844985962,1510,1510,252.84234619140625,0.004060534760355949
4735702.996,634014791,218.69,103149565,0.030095946043729782,-0.15791332721710205,1510,1510,252.86520385742188,0.003844340331852436
4735802.996,634014791,218.69,103149565,0.02855069562792778,-0.1639595776796341,1510,1510,252.8914337158203,0.003824740881100297
4735902.996,634014790,218.69,103149565,0.032562702894210815,-0.16480274498462677,1510,1510,252.90689086914062,0.0033443572465330362
4736002.996,634014790,218.69,103149565,0.03046920895576477,-0.165664941072464,1510,1510,252.93338012695312,0.003557421499863267
4736102.996,634014791,218.69,103149564,0.02712092362344265,-0.15360581874847412,1510,1510,252.97207641601562,0.003657581051811576
4736202.996,634014791,218.69,103149564,0.03746982663869858,-0.15657782554626465,1510,1510,253.01409912109375,0.003666783683001995
4736302.996,634014791,218.69,103149564,0.035007573664188385,-0.15808582305908203,1510,1510,253.03436279296875,0.003909018822014332
4736402.996,634014791,218.69,103149564,0.028887076303362846,-0.15685266256332397,1510,1510,253.06643676757812,0.0038828011602163315
4736502.996,634014791,218.69,103149564,0.02615056186914444,-0.15799926221370697,1510,1510,253.0902862548828,0.0036337815690785646
4736602.996,634014791,218.69,103149564,0.02790120616555214,-0.16591277718544006,1510,1510,253.13095092773438,0.0034687588922679424
4736702.996,634014790,218.69,103149563,0.021025173366069794,-0.15867754817008972,1510,1510,253.16098022460938,0.004058734513819218
4736802.996,634014790,218.69,103149563,0.029318517073988914,-0.1621713638305664,1510,1510,253.19338989257812,0.004379372578114271
4736902.996,634014791,218.68,103149563,0.032556988298892975,-0.15936586260795593,1510,1510,253.23065185546875,0.004302707500755787
4737002.996,634014791,218.68,103149563,0.036394644528627396,-0.1623864769935608,1510,1510,253.23880004882812,0.004152617417275906
4737102.996,634014791,218.68,103149562,0.03390892967581749,-0.15785008668899536,1510,1510,253.24325561523438,0.0034182420931756496
4737202.996,634014791,218.68,103149562,0.02772427164018154,-0.16242806613445282,1510,1510,253.25677490234375,0.0029926649294793606
4737302.996,634014791,218.68,103149562,0.024827253073453903,-0.15835973620414734,1510,1510,253.28163146972656,0.0027471494395285845
4737402.996,634014791,218.68,103149562,0.030313538387417793,-0.1610257625579834,1522,1497,253.29953002929688,0.0037252006586641073
4737502.996,634014791,218.68,103149561,0.0253505390137434,-0.15688246488571167,1541,1478,253.32208251953125,0.004379520192742348
4737602.996,634014791,218.68,103149561,-0.0005600150325335562,-0.19016413390636444,1566,1451,253.3240966796875,0.004691365174949169
4737702.996,634014791,218.68,103149561,-0.16669823229312897,-0.15923450887203217,1616,1399,253.32879638671875,0.0017332228599116206
4737802.996,634014791,218.68,103149561,-0.29181626439094543,-0.14581075310707092,1616,1399,253.33145141601562,0.0020205213222652674
4737902.996,634014791,218.67,103149564,-0.6860328316688538,-0.1756901890039444,1634,1379,253.32398986816406,-0.00047647685278207064
4738002.996,634014791,218.67,103149564,-0.9112677574157715,-0.1405211240053177,1690,1320,253.30685424804688,-0.003900033887475729
4738102.996,634014792,218.68,103149571,-1.3646917343139648,-0.16365545988082886,1722,1287,253.26327514648438,-0.0059271762147545815
4738202.996,634014792,218.68,103149571,-1.9110333919525146,-0.19021762907505035,1728,1281,253.213134765625,-0.009669207967817783
4738302.996,634014797,218.66,103149590,-1.9436304569244385,-0.1345270574092865,1728,1281,253.13442993164062,-0.01436406560242176
4738402.996,634014797,218.66,103149590,-1.8702342510223389,-0.13189025223255157,1728,1281,253.0443572998047,-0.020082464441657066
4738502.996,634014800,218.67,103149620,-1.6682218313217163,-0.1553075909614563,1728,1281,252.9495849609375,-0.022867348045110703
4738602.996,634014800,218.67,103149620,-1.4408416748046875,-0.12276709824800491,1837,1396,252.89559936523438,-0.020963314920663834
4738702.996,634014806,218.67,103149658,-1.2809475660324097,-0.03713693469762802,1900,1504,252.92861938476562,-0.010883073322474957
4738802.996,634014806,218.67,103149658,-1.5248167514801025,-0.08151326328516006,1900,1544,253.42596435546875,0.04754607006907463
4738902.996,634014814,218.66,103149705,-1.1809420585632324,-0.26709991693496704,1900,1545,254.38034057617188,0.13751059770584106
4739002.996,634014814,218.66,103149705,-1.0376551151275635,-0.21225903928279877,1900,1545,255.559814453125,0.18708215653896332
4739102.996,634014821,218.66,103149756,-0.8873836398124695,-0.49388909339904785,1900,1545,256.8650207519531,0.21389028429985046
4739202.996,634014821,218.66,103149756,-0.8087937235832214,-0.5826691389083862,1900,1545,258.15679931640625,0.21697402000427246
4739302.996,634014828,218.67,103149811,-0.7193368673324585,-0.4684784710407257,1900,1545,259.40283203125,0.20759102702140808
4739402.996,634014828,218.67,103149811,-0.6495062708854675,-0.4404342472553253,1900,1545,260.6180419921875,0.19778339564800262
4739502.996,634014833,218.67,103149871,-0.6056903600692749,-0.46615225076675415,1900,1545,261.75018310546875,0.1894395351409912
4739602.996,634014833,218.67,103149871,-0.5355068445205688,-0.3211379647254944,1900,1545,262.7984313964844,0.17712590098381042
4739702.996,634014838,218.66,103149930,-0.5429049730300903,-0.34782516956329346,1900,1545,263.8080139160156,0.16681070625782013
4739802.996,634014838,218.66,103149930,-0.5447782278060913,-0.37917664647102356,1900,1545,264.81756591796875,0.16237661242485046
4739902.996,634014842,218.66,103149992,-0.4896514415740967,-0.35155341029167175,1900,1545,265.79541015625,0.16002415120601654
4740002.996,634014842,218.66,103149992,-0.4821197986602783,-0.40694424510002136,1900,1545,266.75177001953125,0.157669797539711
4740102.996,634014845,218.67,103150055,-0.4917125403881073,-0.4101314842700958,1900,1551,267.67352294921875,0.15497983992099762
4740202.996,634014845,218.67,103150055,-0.4122098684310913,-0.3624480068683624,1900,1613,268.5858459472656,0.1533125340938568
4740302.996,634014848,218.67,103150118,-0.4751240015029907,-0.3428539037704468,1900,1613,269.4859619140625,0.15010753273963928
4740402.996,634014848,218.67,103150118,-0.38843271136283875,-0.3549737334251404,1900,1613,270.38763427734375,0.1488802134990692
4740502.996,634014850,218.66,103150181,-0.43045395612716675,-0.33927708864212036,1900,1613,271.311767578125,0.15058471262454987
4740602.996,634014850,218.66,103150181,-0.38573914766311646,-0.3927890658378601,1900,1613,272.2073974609375,0.15159134566783905
4740702.996,634014851,218.65,103150244,-0.42616361379623413,-0.3320545554161072,1900,1613,273.10479736328125,0.15245026350021362
4740802.996,634014851,218.65,103150244,-0.3733953535556793,-0.36669155955314636,1900,1613,274.01959228515625,0.15370678901672363
4740902.996,634014850,218.66,103150310,-0.37180015444755554,-0.3947961926460266,1900,1613,274.9368591308594,0.15508125722408295
4741002.996,634014850,218.66,103150310,-0.39308780431747437,-0.3281184732913971,1900,1613,275.8331298828125,0.1520187258720398
4741102.996,634014850,218.66,103150374,-0.36789965629577637,-0.3414079248905182,1900,1613,276.7279357910156,0.15128929913043976
4741202.996,634014850,218.66,103150374,-0.4634486734867096,-0.3991793692111969,1900,1613,277.629150390625,0.1538884937763214
4741302.996,634014847,218.67,103150437,-0.35704314708709717,-0.3639701008796692,1900,1613,278.50836181640625,0.15699461102485657
4741402.996,634014847,218.67,103150437,-0.4098547101020813,-0.3223436772823334,1900,1613,279.42083740234375,0.15905530750751495
4741502.996,634014845,218.65,103150502,-0.36934733390808105,-0.4364715814590454,1900,1613,280.3390808105469,0.1593620479106903
4741602.996,634014845,218.65,103150502,-0.3838023543357849,-0.4178139567375183,1900,1613,281.27587890625,0.16319739818572998
4741702.996,634014841,218.65,103150565,-0.33858996629714966,-0.3736444413661957,1684,1235,282.24169921875,0.1688113957643509
4741802.996,634014841,218.65,103150565,0.4345064163208008,-0.46021291613578796,1412,1100,283.17645263671875,0.1693052351474762
4741902.996,634014836,218.65,103150626,1.0374168157577515,-0.5379287600517273,1383,1100,283.783203125,0.12361306697130203
4742002.996,634014836,218.65,103150626,1.2396403551101685,-0.385698139667511,1376,1100,283.99884033203125,0.050203561782836914
4742102.996,634014833,218.64,103150673,0.7045285701751709,-0.19493059813976288,1375,1100,283.8435974121094,-0.007683912757784128
4742202.996,634014833,218.64,103150673,-0.04468650370836258,-0.40940719842910767,1375,1100,283.06890869140625,-0.09721876680850983
4742302.996,634014830,218.6,103150718,-0.4305518865585327,-0.03567241504788399,1387,1100,281.7984924316406,-0.19792550802230835
4742402.996,634014830,218.6,103150718,-0.6788023710250854,0.20166419446468353,1392,1100,280.3177795410156,-0.24699227511882782
4742502.996,634014826,218.6,103150770,-0.7392130494117737,0.18367993831634521,1391,1100,278.75787353515625,-0.2692837119102478
4742602.996,634014826,218.6,103150770,-0.8071244955062866,0.32204148173332214,1391,1100,277.2708740234375,-0.26923927664756775
4742702.996,634014825,218.6,103150826,-0.45710450410842896,0.24567849934101105,1391,1100,275.94073486328125,-0.24553236365318298
4742802.996,634014825,218.6,103150826,-0.35214126110076904,0.18027308583259583,1392,1100,274.73504638671875,-0.22157524526119232
4742902.996,634014823,218.59,103150884,-0.27181708812713623,0.18004027009010315,1394,1100,273.70648193359375,-0.19599273800849915
4743002.996,634014823,218.59,103150884,-0.2564915418624878,0.16052870452404022,1395,1100,272.8119812011719,-0.1680317223072052
4743102.996,634014823,218.59,103150943,-0.28799426555633545,0.07399041950702667,1396,1100,272.0270080566406,-0.14420092105865479
4743202.996,634014823,218.59,103150943,-0.31928402185440063,0.0917162224650383,1396,1100,271.333984375,-0.12795117497444153
4743302.996,634014824,218.59,103151003,-0.3459074795246124,0.016362188383936882,1396,1100,270.70330810546875,-0.11743183434009552
4743402.996,634014824,218.59,103151003,-0.32329505681991577,0.008479222655296326,1396,1100,270.0735778808594,-0.11344011127948761
4743502.996,634014826,218.6,103151062,-0.2862617075443268,-0.005284124054014683,1396,1100,269.48016357421875,-0.10906542092561722
4743602.996,634014826,218.6,103151062,-0.255754292011261,-0.02423066273331642,1396,1100,268.866943359375,-0.10556934773921967
4743702.996,634014828,218.61,103151125,-0.24704796075820923,-0.056564394384622574,1396,1100,268.2883605957031,-0.106381855905056
4743802.996,634014828,218.61,103151125,-0.2492648959159851,-0.0429408885538578,1396,1100,267.7138671875,-0.10824766010046005
4743902.996,634014830,218.59,103151185,-0.2498278021812439,-0.020482907071709633,1396,1100,267.0904235839844,-0.11247630417346954
4744002.996,634014830,218.59,103151185,-0.2867293953895569,0.010989779606461525,1396,1100,266.43084716796875,-0.11900489032268524
4744102.996,634014833,218.6,103151245,-0.30325499176979065,0.003949688281863928,1396,1100,265.7888488769531,-0.12303707003593445
4744202.996,634014833,218.6,103151245,-0.26238512992858887,-0.02930055744946003,1396,1100,265.12158203125,-0.12547393143177032
4744302.996,634014837,218.6,103151306,-0.3345271944999695,0.009192200377583504,1396,1100,264.4285888671875,-0.12852875888347626
4744402.996,634014837,218.6,103151306,-0.3103492558002472,0.03881387040019035,1394,1100,263.7273254394531,-0.1305747628211975
4744502.996,634014842,218.6,103151365,-0.2726457715034485,-0.017590545117855072,1394,1100,263.0224609375,-0.13392049074172974
4744602.996,634014842,218.6,103151365,-0.32717904448509216,0.015853596851229668,1394,1100,262.2929382324219,-0.13393639028072357
4744702.996,634014847,218.59,103151422,-0.34085285663604736,0.037520632147789,1394,1100,261.56451416015625,-0.13263148069381714
4744802.996,634014847,218.59,103151422,-0.2793663442134857,0.01808098331093788,1394,1100,260.88360595703125,-0.13051536679267883
4744902.996,634014854,218.58,103151480,-0.294450044631958,-0.032951753586530685,1394,1100,260.2043151855469,-0.12672626972198486
4745002.996,634014854,218.58,103151480,-0.27026623487472534,-0.0034993437584489584,1394,1100,259.5460205078125,-0.12327612191438675
4745102.996,634014866,218.49,103151530,-0.2871476411819458,0.026750970631837845,1394,1100,258.8725280761719,-0.12257611751556396
4745202.996,634014866,218.49,103151530,-0.2773793339729309,-0.03459714725613594,1396,1100,258.18939208984375,-0.1246514767408371
4745302.996,634014875,218.46,103151587,-0.2839248478412628,0.0028048085514456034,1396,1100,257.5011901855469,-0.12738186120986938
4745402.996,634014875,218.46,103151587,-0.2902534008026123,0.00229373830370605,1397,1100,256.8370361328125,-0.12648868560791016
4745502.996,634014884,218.46,103151642,-0.2683045566082001,-0.024771807715296745,1397,1100,256.1728210449219,-0.1265445351600647
4745602.996,634014884,218.46,103151642,-0.33515432476997375,0.025357618927955627,1397,1100,255.5212860107422,-0.1268979012966156
4745702.996,634014892,218.44,103151698,-0.27145862579345703,0.02358783222734928,1397,1100,254.84432983398438,-0.12831713259220123
4745802.996,634014892,218.44,103151698,-0.26968109607696533,0.010629366151988506,1397,1100,254.18528747558594,-0.12780065834522247
4745902.996,634014903,218.42,103151751,-0.33299916982650757,-0.016049010679125786,1397,1100,253.52244567871094,-0.12610173225402832
4746002.996,634014903,218.42,103151751,-0.2615711987018585,0.005723344162106514,1397,1100,252.86326599121094,-0.12460438907146454
4746102.996,634014913,218.42,103151806,-0.29999276995658875,-0.011537821032106876,1397,1100,252.22097778320312,-0.12343322485685349
4746202.996,634014913,218.42,103151806,-0.2673550844192505,-0.009743588045239449,1397,1100,251.59185791015625,-0.12405188381671906
4746302.996,634014923,218.43,103151860,-0.2802848517894745,0.04564433544874191,1397,1100,250.94577026367188,-0.12451231479644775
4746402.996,634014923,218.43,103151860,-0.24848854541778564,-0.014470899477601051,1397,1100,250.3259735107422,-0.12440317124128342
4746502.996,634014934,218.42,103151914,-0.27893275022506714,0.021719157695770264,1397,1100,249.66647338867188,-0.12588845193386078
4746602.996,634014934,218.42,103151914,-0.30023324489593506,0.009909441694617271,1397,1100,249.02481079101562,-0.1253865659236908
4746702.996,634014945,218.42,103151967,-0.21324265003204346,-0.028690235689282417,1397,1100,248.38516235351562,-0.1243802160024643
4746802.996,634014945,218.42,103151967,-0.2929328680038452,0.03304930776357651,1397,1100,247.71151733398438,-0.1266748607158661
4746902.996,634014957,218.41,103152019,-0.2589578926563263,-0.008713052608072758,1397,1100,247.05393981933594,-0.12823928892612457
4747002.996,634014957,218.41,103152019,-0.26293861865997314,0.025859687477350235,1397,1100,246.41839599609375,-0.12658217549324036
4747102.996,634014970,218.42,103152071,-0.2753796875476837,-0.008737195283174515,1397,1100,245.77481079101562,-0.12599577009677887
4747202.996,634014970,218.42,103152071,-0.2946974039077759,0.025464888662099838,1397,1100,245.12835693359375,-0.1271771490573883
4747302.996,634014982,218.43,103152122,-0.23510289192199707,0.016997288912534714,1397,1100,244.46131896972656,-0.12666814029216766
4747402.996,634014982,218.43,103152122,-0.29794690012931824,0.031289320439100266,1397,1100,243.78848266601562,-0.12387990951538086
4747502.996,634014997,218.43,103152173,-0.25703611969947815,0.008814224973320961,1397,1100,243.14735412597656,-0.12334927916526794
4747602.996,634014997,218.43,103152173,-0.31804126501083374,-0.017796430736780167,1397,1100,242.5106201171875,-0.12140073627233505
4747702.996,634015010,218.43,103152222,-0.25292718410491943,0.009643237106502056,1397,1100,241.87535095214844,-0.11961701512336731
4747802.996,634015010,218.43,103152222,-0.22778114676475525,-0.002776794135570526,1397,1100,241.23194885253906,-0.12101240456104279
4747902.996,634015025,218.43,103152270,-0.24637243151664734,0.003970829304307699,1397,1100,240.5960693359375,-0.12276379764080048
4748002.996,634015025,218.43,103152270,-0.2832763195037842,-0.00651931669563055,1397,1100,239.83029174804688,-0.12532058358192444
4748102.996,634015040,218.4,103152319,-0.24872657656669617,0.0568162202835083,1397,1100,239.18980407714844,-0.12497471272945404
4748202.996,634015040,218.4,103152319,-0.29826247692108154,0.0016616779612377286,1397,1100,238.55775451660156,-0.1233811154961586
4748302.996,634015054,218.37,103152367,-0.28191420435905457,-0.025200840085744858,1397,1100,237.930908203125,-0.12177988141775131
4748402.996,634015054,218.37,103152367,-0.23779010772705078,0.006206640973687172,1398,1100,237.325439453125,-0.12018531560897827
4748502.996,634015069,218.33,103152415,-0.24972003698349,-0.02143259346485138,1462,1100,236.73397827148438,-0.11701694875955582
4748602.996,634015069,218.33,103152415,-0.25932860374450684,-0.0010925550013780594,1717,1100,236.16073608398438,-0.11707498133182526
4748702.996,634015085,218.3,103152462,-0.2900542914867401,0.0070050181820988655,1796,1156,235.62841796875,-0.11394287645816803
4748802.996,634015085,218.3,103152462,-0.20656320452690125,-0.0022782129235565662,1822,1182,235.13131713867188,-0.10758891701698303
4748902.996,634015102,218.29,103152506,-0.38942191004753113,-0.006763445679098368,1822,1182,234.7264404296875,-0.09609450399875641
4749002.996,634015102,218.29,103152506,-1.2730543613433838,0.02144201472401619,1822,1182,234.64373779296875,-0.058134775608778
4749102.996,634015122,218.3,103152555,-1.2388571500778198,-0.08064102381467819,1831,1193,234.88375854492188,0.010787852108478546
4749202.996,634015122,218.3,103152555,-1.16831636428833,-0.21611955761909485,1894,1258,235.29420471191406,0.051521964371204376
4749302.996,634015143,218.3,103152607,-1.309725284576416,-0.2534424066543579,1900,1335,235.8922576904297,0.07776081562042236
4749402.996,634015143,218.3,103152607,-1.029089093208313,-0.38966333866119385,1900,1371,236.72671508789062,0.1180717945098877
4749502.996,634015165,218.3,103152663,-0.762221097946167,-0.4041319191455841,1900,1403,237.71844482421875,0.1494605392217636
4749602.996,634015165,218.3,103152663,-0.5152201652526855,-0.4707898497581482,1900,1437,238.80157470703125,0.17201237380504608
4749702.996,634015185,218.3,103152720,-0.3606324791908264,-0.4551496207714081,1900,1468,239.93084716796875,0.1805148720741272
4749802.996,634015185,218.3,103152720,-0.32257744669914246,-0.4754219055175781,1900,1507,241.09664916992188,0.1849789023399353
4749902.996,634015203,218.29,103152776,-0.3284323513507843,-0.4631483852863312,1900,1527,242.21554565429688,0.18712657690048218
4750002.996,634015203,218.29,103152776,-0.30405393242836,-0.4612625539302826,1900,1531,243.28794860839844,0.18105043470859528
4750102.996,634015220,218.29,103152833,-0.35353171825408936,-0.422571063041687,1900,1533,244.33984375,0.17587155103683472
4750202.996,634015220,218.29,103152833,-0.40995436906814575,-0.3863922953605652,1900,1533,245.35986328125,0.17412301898002625
4750302.996,634015237,218.3,103152890,-0.43412643671035767,-0.38098788261413574,1900,1538,246.3553924560547,0.1708192676305771
4750402.996,634015237,218.3,103152890,-0.41926658153533936,-0.3665977120399475,1900,1541,247.34251403808594,0.16553053259849548
4750502.996,634015252,218.29,103152947,-0.4230329692363739,-0.3773682713508606,1900,1547,248.29672241210938,0.16232657432556152
4750602.996,634015252,218.29,103152947,-0.40258902311325073,-0.37644973397254944,1900,1550,249.22189331054688,0.15844988822937012
4750702.996,634015265,218.28,103153004,-0.37980592250823975,-0.3255937695503235,1900,1551,250.13278198242188,0.15413813292980194
4750802.996,634015265,218.28,103153004,-0.3695675730705261,-0.333334743976593,1900,1552,251.04049682617188,0.14841076731681824
4750902.996,634015279,218.3,103153061,-0.43703943490982056,-0.3139263987541199,1900,1556,251.9337158203125,0.1464538425207138
4751002.996,634015279,218.3,103153061,-0.40224766731262207,-0.31445419788360596,1900,1559,252.79220581054688,0.1448090374469757
4751102.996,634015291,218.29,103153119,-0.4512723386287689,-0.318065881729126,1900,1561,253.64041137695312,0.14199881255626678
4751202.996,634015291,218.29,103153119,-0.42071041464805603,-0.3020821809768677,1900,1563,254.49691772460938,0.14474532008171082
4751302.996,634015303,218.3,103153177,-0.4552454352378845,-0.3605363368988037,1900,1563,255.38113403320312,0.14961135387420654
4751402.996,634015303,218.3,103153177,-0.3930242657661438,-0.3551936745643616,1900,1564,256.27862548828125,0.1506742537021637
4751502.996,634015313,218.3,103153237,-0.3995179235935211,-0.30060651898384094,1900,1567,257.19873046875,0.15403679013252258
4751602.996,634015313,218.3,103153237,-0.4327594041824341,-0.4203685522079468,1900,1572,258.12762451171875,0.1590714454650879
4751702.996,634015323,218.3,103153296,-0.3736884593963623,-0.4186975061893463,1900,1575,259.07037353515625,0.1614416241645813
4751802.996,634015323,218.3,103153296,-0.4300752878189087,-0.33406877517700195,1900,1577,260.02618408203125,0.16370873153209686
4751902.996,634015332,218.29,103153356,-0.3285302221775055,-0.4167063534259796,1900,1579,260.9825744628906,0.16592366993427277
4752002.996,634015332,218.29,103153356,-0.4133281111717224,-0.39449217915534973,1900,1580,261.9450378417969,0.1682153195142746
4752102.996,634015341,218.29,103153418,-0.3063925802707672,-0.38114574551582336,1900,1584,262.90325927734375,0.16713297367095947
4752202.996,634015341,218.29,103153418,-0.4172973036766052,-0.42074140906333923,1900,1587,263.834228515625,0.1637938916683197
4752302.996,634015347,218.3,103153479,-0.34005552530288696,-0.4006924033164978,1900,1589,264.73443603515625,0.16348399221897125
4752402.996,634015347,218.3,103153479,-0.3389911353588104,-0.3890630602836609,1900,1591,265.62689208984375,0.16074129939079285
4752502.996,634015354,218.31,103153542,-0.37974002957344055,-0.39774569869041443,1900,1592,266.5469970703125,0.15892529487609863
4752602.996,634015354,218.31,103153542,-0.33939582109451294,-0.3737524151802063,1900,1592,267.46258544921875,0.1599680334329605
4752702.996,634015359,218.3,103153605,-0.3731028139591217,-0.39088281989097595,1900,1592,268.396484375,0.16209504008293152
4752802.996,634015359,218.3,103153605,-0.3340296149253845,-0.39564549922943115,1900,1593,269.3028564453125,0.16387274861335754
4752902.996,634015364,218.3,103153668,-0.3467353880405426,-0.40399402379989624,1900,1594,270.183349609375,0.16139906644821167
4753002.996,634015364,218.3,103153668,-0.3326900601387024,-0.37221500277519226,1900,1595,271.079833984375,0.1603919118642807
4753102.996,634015367,218.31,103153731,-0.32234930992126465,-0.4091366231441498,1900,1596,271.9725646972656,0.1593593955039978
4753202.996,634015367,218.31,103153731,-0.4020416736602783,-0.4294183552265167,1900,1596,272.8761291503906,0.1600128412246704
4753302.996,634015369,218.29,103153794,-0.3362703025341034,-0.34927332401275635,1900,1597,273.7572326660156,0.16228830814361572
4753402.996,634015369,218.29,103153794,-0.3484549820423126,-0.3979319632053375,1900,1601,274.65191650390625,0.16276134550571442
4753502.996,634015371,218.3,103153858,-0.32453060150146484,-0.429614394903183,1900,1606,275.53912353515625,0.1615774929523468
4753602.996,634015371,218.3,103153858,-0.33036160469055176,-0.3710271120071411,1900,1606,276.40045166015625,0.1592361330986023
4753702.996,634015372,218.3,103153921,-0.30984586477279663,-0.38380441069602966,1900,1606,277.26214599609375,0.15707571804523468
4753802.996,634015372,218.3,103153921,-0.3836666941642761,-0.3658245801925659,1900,1606,278.1597900390625,0.15820056200027466
4753902.996,634015372,218.3,103153985,-0.32086214423179626,-0.41538238525390625,1900,1606,279.05438232421875,0.1608523428440094
4754002.996,634015372,218.3,103153985,-0.3356139659881592,-0.3698224127292633,1900,1606,279.9193115234375,0.1613137274980545
4754102.996,634015371,218.31,103154048,-0.3068435788154602,-0.42636924982070923,1900,1600,280.7645263671875,0.1583094596862793
4754202.996,634015371,218.31,103154048,-0.3815996050834656,-0.37283793091773987,1900,1539,281.6239318847656,0.15777108073234558
4754302.996,634015369,218.3,103154112,-0.3008776307106018,-0.36329805850982666,1900,1266,282.4898681640625,0.15718570351600647
4754402.996,634015369,218.3,103154112,-0.3342333436012268,-0.40881818532943726,1796,1156,283.3412780761719,0.15530788898468018
4754502.996,634015365,218.3,103154175,0.05023189261555672,-0.4239702820777893,1679,1100,284.0823974609375,0.1517251580953598
4754602.996,634015365,218.3,103154175,0.34445658326148987,-0.2931908369064331,1509,1100,284.6106262207031,0.12311798334121704
4754702.996,634015362,218.32,103154232,0.21865041553974152,-0.46483805775642395,1426,1100,284.5042724609375,0.05166222155094147
4754802.996,634015362,218.32,103154232,0.06682232022285461,-0.24448710680007935,1409,1100,283.6600341796875,-0.08539559692144394
4754902.996,634015359,218.32,103154288,-0.31285375356674194,-0.05643425136804581,1403,1100,282.4259948730469,-0.18156325817108154
4755002.996,634015359,218.32,103154288,-0.31139132380485535,0.07244720309972763,1399,1100,281.03814697265625,-0.22381743788719177
4755102.996,634015358,218.35,103154343,-0.5024539232254028,0.30290693044662476,1397,1100,279.6488037109375,-0.23840676248073578
4755202.996,634015358,218.35,103154343,-0.48302409052848816,0.28122514486312866,1397,1100,278.36285400390625,-0.22856684029102325
4755302.996,634015358,218.38,103154400,-0.4268327057361603,0.194085031747818,1397,1100,277.2008056640625,-0.20787984132766724
4755402.996,634015358,218.38,103154400,-0.35091984272003174,0.11359016597270966,1397,1100,276.14129638671875,-0.18936967849731445
4755502.996,634015358,218.38,103154458,-0.3295193314552307,0.11369778215885162,1397,1100,275.182861328125,-0.16904889047145844
4755602.996,634015358,218.38,103154458,-0.323482871055603,0.03796270862221718,1397,1100,274.3624572753906,-0.15068289637565613
4755702.996,634015358,218.36,103154517,-0.31534892320632935,0.02695874497294426,1397,1100,273.6234436035156,-0.13389571011066437
4755802.996,634015358,218.36,103154517,-0.3232608735561371,0.014284132979810238,1397,1100,272.92047119140625,-0.12401832640171051
4755902.996,634015360,218.36,103154577,-0.31891143321990967,-0.003205739427357912,1397,1100,272.2437744140625,-0.11921699345111847
4756002.996,634015360,218.36,103154577,-0.3226400315761566,-0.01643265038728714,1397,1100,271.6070556640625,-0.112775519490242
4756102.996,634015362,218.34,103154636,-0.268251895904541,-0.012321127578616142,1397,1100,270.9657287597656,-0.10890880227088928
4756202.996,634015362,218.34,103154636,-0.2769624590873718,-0.008477896451950073,1397,1100,270.3200988769531,-0.1104266345500946
4756302.996,634015365,218.35,103154696,-0.2853486239910126,-0.05888195335865021,1397,1100,269.6531066894531,-0.11125108599662781
4756402.996,634015365,218.35,103154696,-0.2317507117986679,-0.026441112160682678,1397,1100,268.9780578613281,-0.11423177272081375
4756502.996,634015368,218.34,103154753,-0.2844870984554291,-0.020228050649166107,1397,1100,268.3279113769531,-0.11361270397901535
4756602.996,634015368,218.34,103154753,-0.2188362032175064,0.013288488611578941,1397,1100,267.6612243652344,-0.11317382007837296
4756702.996,634015372,218.33,103154812,-0.21771395206451416,0.0012782085686922073,1397,1100,266.9829406738281,-0.11750935018062592
4756802.996,634015372,218.33,103154812,-0.2716955840587616,-0.03261469304561615,1398,1100,266.3143310546875,-0.11888182163238525
4756902.996,634015376,218.35,103154870,-0.3010566234588623,-0.009563716128468513,1398,1100,265.6368103027344,-0.12075882405042648
4757002.996,634015376,218.35,103154870,-0.25357624888420105,0.001974123762920499,1398,1100,264.935546875,-0.12280120700597763
4757102.996,634015382,218.33,103154928,-0.2867949903011322,0.014234877191483974,1398,1100,264.25189208984375,-0.12223906069993973
4757202.996,634015382,218.33,103154928,-0.26951393485069275,-0.009654068388044834,1398,1100,263.574462890625,-0.11990281939506531
4757302.996,634015388,218.32,103154986,-0.249455064535141,0.026056742295622826,1398,1100,262.73779296875,-0.12099972367286682
4757402.996,634015388,218.32,103154986,-0.2732723355293274,-0.007057495415210724,1398,1100,262.0279541015625,-0.12068064510822296
4757502.996,634015395,218.32,103155043,-0.19241410493850708,-0.012096809223294258,1398,1100,261.31744384765625,-0.12291789054870605
4757602.996,634015395,218.32,103155043,-0.33515357971191406,-0.013124143704771996,1398,1100,260.6239318847656,-0.12476798892021179
4757702.996,634015401,218.32,103155100,-0.24355491995811462,0.017393210902810097,1398,1100,259.94891357421875,-0.12219969928264618
4757802.996,634015401,218.32,103155100,-0.25610601902008057,0.017819995060563087,1398,1100,259.2889404296875,-0.11996074765920639
4757902.996,634015409,218.31,103155157,-0.24999713897705078,-0.02146134153008461,1398,1100,258.614990234375,-0.1200009435415268
4758002.996,634015409,218.31,103155157,-0.2096802294254303,0.038480184972286224,1398,1100,257.95233154296875,-0.11992084234952927
4758102.996,634015418,218.32,103155212,-0.23911374807357788,0.002495256718248129,1398,1100,257.2708740234375,-0.11941350996494293
4758202.996,634015418,218.32,103155212,-0.15501171350479126,-0.02270808443427086,1398,1100,256.59979248046875,-0.1190643459558487
4758302.996,634015426,218.31,103155268,-0.2479247748851776,0.0014047552831470966,1398,1100,255.9588165283203,-0.1170230582356453
4758402.996,634015426,218.31,103155268,-0.18815886974334717,-0.013308780267834663,1398,1100,255.30641174316406,-0.11723251640796661
4758502.996,634015436,218.31,103155323,-0.26505908370018005,0.011257515288889408,1398,1100,254.65492248535156,-0.11994913220405579
4758602.996,634015436,218.31,103155323,-0.1999083310365677,0.001867927610874176,1398,1100,253.9864501953125,-0.11800920963287354
4758702.996,634015445,218.31,103155376,-0.15615592896938324,-0.013375980779528618,1398,1100,253.3141632080078,-0.12010442465543747
4758802.996,634015445,218.31,103155376,-0.24751700460910797,0.032751623541116714,1398,1100,252.659423828125,-0.12267356365919113
4758902.996,634015456,218.3,103155430,-0.1680263876914978,0.012843746691942215,1398,1100,251.9961700439453,-0.1222291886806488
4759002.996,634015456,218.3,103155430,-0.2698485255241394,-0.015305032953619957,1398,1100,251.32968139648438,-0.12223014235496521
4759102.996,634015466,218.29,103155483,-0.13245412707328796,-0.01128142699599266,1398,1100,250.6658477783203,-0.12266257405281067
4759202.996,634015466,218.29,103155483,-0.24740815162658691,0.03146911412477493,1398,1100,250.01820373535156,-0.12226316332817078
4759302.996,634015478,218.28,103155535,-0.14425858855247498,0.0023179941345006227,1398,1100,249.37484741210938,-0.12223869562149048
4759402.996,634015478,218.28,103155535,-0.25267350673675537,0.03295600414276123,1398,1100,248.7404327392578,-0.12160415202379227
4759502.996,634015490,218.29,103155587,-0.1909850686788559,0.0010102811502292752,1398,1100,248.1063232421875,-0.11986736953258514
4759602.996,634015490,218.29,103155587,-0.18114522099494934,0.03587131202220917,1398,1100,247.4664306640625,-0.11918679624795914
4759702.996,634015502,218.28,103155637,-0.22811709344387054,-0.036134686321020126,1398,1100,246.84976196289062,-0.12011779099702835
4759802.996,634015502,218.28,103155637,-0.17261362075805664,0.03431328758597374,1398,1100,246.20294189453125,-0.11854544281959534
4759902.996,634015516,218.28,103155688,-0.2316824495792389,0.02553628757596016,1398,1100,245.56597900390625,-0.11965072154998779
4760002.996,634015516,218.28,103155688,-0.1815047264099121,-0.013060607016086578,1398,1100,244.95562744140625,-0.1179877370595932
4760102.996,634015530,218.28,103155736,-0.19527944922447205,0.022661050781607628,1398,1100,244.32949829101562,-0.11713424324989319
4760202.996,634015530,218.28,103155736,-0.17510239779949188,0.04033539444208145,1398,1100,243.70652770996094,-0.1186528205871582
4760302.996,634015544,218.29,103155785,-0.21228861808776855,-0.0005696619627997279,1398,1100,243.08743286132812,-0.1172872930765152
4760402.996,634015544,218.29,103155785,-0.20205557346343994,-0.004432247020304203,1398,1100,242.46435546875,-0.11714137345552444
4760502.996,634015558,218.27,103155833,-0.18589898943901062,-0.002059362828731537,1398,1100,241.84124755859375,-0.1191256195306778
4760602.996,634015558,218.27,103155833,-0.22669726610183716,0.00544290617108345,1392,1100,241.21446228027344,-0.1198946163058281
4760702.996,634015573,218.29,103155879,-0.19232773780822754,-0.0015284258406609297,1373,1100,240.58726501464844,-0.11886075139045715
4760802.996,634015573,218.29,103155879,-0.18398970365524292,0.04964609816670418,1510,1510,239.9341583251953,-0.11927401274442673
4760902.996,634015590,218.32,103155924,0.8583064079284668,0.2189248502254486,1510,1510,239.64529418945312,-0.11298654973506927
4761002.996,634015590,218.32,103155924,0.8913174271583557,0.07831963896751404,1510,1510,239.74295043945312,-0.028491459786891937
4761102.996,634015604,218.34,103155963,1.0705828666687012,-0.19599804282188416,1510,1510,240.03575134277344,0.03152565285563469
4761202.996,634015604,218.34,103155963,1.19688081741333,-0.054557763040065765,1510,1510,240.48866271972656,0.06225091964006424
4761302.996,634015616,218.34,103155997,1.03128981590271,-0.16205035150051117,1510,1510,240.9828643798828,0.08521203696727753
4761402.996,634015616,218.34,103155997,0.9925123453140259,-0.36237266659736633,1510,1510,241.46401977539062,0.09414029121398926
4761502.996,634015628,218.36,103156028,0.7341233491897583,-0.23323242366313934,1510,1510,241.8874969482422,0.08822052925825119
4761602.996,634015628,218.36,103156028,0.766570508480072,-0.19797690212726593,1510,1510,242.2432403564453,0.07821869850158691
4761702.996,634015637,218.35,103156057,0.6348050832748413,-0.2909063696861267,1510,1510,242.52792358398438,0.06650012731552124
4761802.996,634015637,218.35,103156057,0.816473662853241,-0.28106844425201416,1510,1510,242.6962890625,0.05047322437167168
4761902.996,634015646,218.35,103156086,0.7920392751693726,-0.23479677736759186,1510,1510,242.74822998046875,0.030975472182035446
4762002.996,634015646,218.35,103156086,0.8097655773162842,-0.30528154969215393,1510,1510,242.7112579345703,0.013644885271787643
4762102.996,634015654,218.35,103156113,0.6707351803779602,-0.20502446591854095,1510,1510,242.65176391601562,0.0031192945316433907
4762202.996,634015654,218.35,103156113,0.5576205253601074,-0.14920344948768616,1510,1510,242.62652587890625,0.0019394297851249576
4762302.996,634015662,218.35,103156138,0.3782268464565277,-0.12696343660354614,1510,1510,242.6612548828125,0.01234449166804552
4762402.996,634015662,218.35,103156138,0.33759427070617676,-0.12633469700813293,1510,1510,242.759033203125,0.02405075915157795
4762502.996,634015669,218.34,103156163,0.26966869831085205,-0.10681343823671341,1510,1510,242.8753204345703,0.02992071583867073
4762602.996,634015669,218.34,103156163,0.2419087141752243,-0.14818212389945984,1510,1510,242.99069213867188,0.03143571317195892
4762702.996,634015675,218.32,103156185,0.1900455504655838,-0.17082276940345764,1510,1510,243.11199951171875,0.03092537261545658
4762802.996,634015675,218.32,103156185,0.17813196778297424,-0.15486828982830048,1510,1510,243.21649169921875,0.0283098965883255
4762902.996,634015682,218.31,103156206,0.13092464208602905,-0.19787055253982544,1510,1510,243.33018493652344,0.026199696585536003
4763002.996,634015682,218.31,103156206,0.15158402919769287,-0.1782526820898056,1510,1510,243.43763732910156,0.024510128423571587
4763102.996,634015688,218.3,103156223,0.17037522792816162,-0.17929857969284058,1510,1510,243.52584838867188,0.021011237055063248
4763202.996,634015688,218.3,103156223,0.21343010663986206,-0.19833286106586456,1510,1510,243.6027374267578,0.016698472201824188
4763302.996,634015693,218.33,103156242,0.2631854712963104,-0.19420695304870605,1510,1510,243.6530303955078,0.013750742189586163
4763402.996,634015693,218.33,103156242,0.3128514885902405,-0.18594098091125488,1510,1510,243.69552612304688,0.011793640442192554
4763502.996,634015699,218.33,103156259,0.3259505331516266,-0.18222418427467346,1510,1510,243.7637939453125,0.013199078850448132
4763602.996,634015699,218.33,103156259,0.3346758484840393,-0.17297080159187317,1510,1510,243.88095092773438,0.01936696097254753
4763702.996,634015705,218.36,103156276,0.3297271430492401,-0.14339706301689148,1510,1510,244.0283203125,0.02666321024298668
4763802.996,634015705,218.36,103156276,0.28587043285369873,-0.1515013575553894,1510,1510,244.16558837890625,0.03196508437395096
4763902.996,634015711,218.37,103156292,0.2184828668832779,-0.1533452272415161,1510,1510,244.28228759765625,0.034392986446619034
4764002.996,634015711,218.37,103156292,0.1450844705104828,-0.1593058705329895,1510,1510,244.39630126953125,0.03337844833731651
4764102.996,634015716,218.37,103156309,0.06549151986837387,-0.17992764711380005,1510,1510,244.478759765625,0.028851836919784546
4764202.996,634015716,218.37,103156309,0.002691823523491621,-0.19478318095207214,1510,1510,244.5105743408203,0.02114010974764824
4764302.996,634015719,218.34,103156325,-0.03773242607712746,-0.17859473824501038,1510,1510,244.52490234375,0.013743488118052483
4764402.996,634015719,218.34,103156325,-0.03255361318588257,-0.16392630338668823,1510,1510,244.55911254882812,0.00868360884487629
4764502.996,634015723,218.33,103156339,0.030798345804214478,-0.15921476483345032,1510,1510,244.60247802734375,0.007021752186119556
4764602.996,634015723,218.33,103156339,0.13881038129329681,-0.15698422491550446,1510,1510,244.64950561523438,0.006909105461090803
4764702.996,634015727,218.34,103156353,0.24527373909950256,-0.16912907361984253,1510,1510,244.7264404296875,0.008029785938560963
4764802.996,634015727,218.34,103156353,0.29916825890541077,-0.17481055855751038,1510,1510,244.8345947265625,0.012013573199510574
4764902.996,634015731,218.35,103156367,0.3102003335952759,-0.1862521767616272,1510,1510,244.94012451171875,0.017384734004735947
4765002.996,634015731,218.35,103156367,0.2689874768257141,-0.17981596291065216,1510,1510,245.037109375,0.022357219830155373
4765102.996,634015736,218.37,103156380,0.19674137234687805,-0.17567549645900726,1510,1510,245.1165008544922,0.025050053372979164
4765202.996,634015736,218.37,103156380,0.11266382038593292,-0.16913919150829315,1510,1510,245.17518615722656,0.023672321811318398
4765302.996,634015740,218.36,103156394,0.03772296756505966,-0.157778799533844,1510,1510,245.18829345703125,0.020793471485376358
4765402.996,634015740,218.36,103156394,-0.010873488150537014,-0.16168814897537231,1510,1510,245.19467163085938,0.017166854813694954
4765502.996,634015743,218.34,103156408,-0.033238284289836884,-0.17040683329105377,1510,1510,245.2008056640625,0.012523883953690529
4765602.996,634015743,218.34,103156408,-0.047019220888614655,-0.16413208842277527,1510,1510,245.1933135986328,0.0073309787549078465
4765702.996,634015746,218.34,103156420,-0.02335035428404808,-0.1642046421766281,1510,1510,245.2178955078125,0.004671531729400158
4765802.996,634015746,218.34,103156420,0.028847092762589455,-0.16750924289226532,1510,1510,245.2649688720703,0.004389557521790266
4765902.996,634015749,218.33,103156431,0.1078495979309082,-0.1703338474035263,1510,1510,245.32644653320312,0.005203814245760441
4766002.996,634015749,218.33,103156431,0.2108815312385559,-0.16552028059959412,1510,1510,245.38568115234375,0.006304461508989334
4766102.996,634015752,218.33,103156443,0.27597299218177795,-0.16231957077980042,1510,1510,245.4326629638672,0.008491313084959984
4766202.996,634015752,218.33,103156443,0.2825430929660797,-0.16437070071697235,1510,1510,245.49447631835938,0.011977087706327438
4766302.996,634015756,218.33,103156455,0.23638778924942017,-0.1658879816532135,1510,1510,245.54098510742188,0.01595262810587883
4766402.996,634015756,218.33,103156455,0.14076676964759827,-0.15933072566986084,1510,1510,245.5552215576172,0.017816102132201195
4766502.996,634015759,218.34,103156468,0.039590802043676376,-0.16093216836452484,1510,1510,245.57945251464844,0.018464019522070885
4766602.996,634015759,218.34,103156468,-0.02797240950167179,-0.17402125895023346,1510,1510,245.612548828125,0.016803881153464317
4766702.996,634015762,218.34,103156478,-0.06745532900094986,-0.1723109483718872,1510,1510,245.6294403076172,0.01328932773321867
4766802.996,634015762,218.34,103156478,-0.06770220398902893,-0.1704796850681305,1510,1510,245.63287353515625,0.009173121303319931
4766902.996,634015765,218.33,103156489,-0.03740440681576729,-0.17092931270599365,1510,1510,245.6387481689453,0.0066143665462732315
4767002.996,634015765,218.33,103156489,0.022635377943515778,-0.15920311212539673,1510,1510,245.65374755859375,0.004774588625878096
4767102.996,634015768,218.34,103156499,0.09674078971147537,-0.15155236423015594,1510,1510,245.68145751953125,0.0028332453221082687
4767202.996,634015768,218.34,103156499,0.1723809689283371,-0.15866558253765106,1510,1510,245.71029663085938,0.0016924857627600431
4767302.996,634015770,218.33,103156509,0.22386771440505981,-0.15713512897491455,1510,1510,245.73216247558594,0.003191885072737932
4767402.996,634015770,218.33,103156509,0.24612900614738464,-0.15766525268554688,1510,1510,245.78372192382812,0.006932220421731472
4767502.996,634015773,218.33,103156519,0.22017543017864227,-0.15119926631450653,1510,1510,245.83473205566406,0.012990962713956833
4767602.996,634015773,218.33,103156519,0.14390817284584045,-0.16585370898246765,1510,1510,245.87538146972656,0.01882128417491913
4767702.996,634015775,218.33,103156529,0.06339223682880402,-0.16816335916519165,1510,1510,245.92916870117188,0.020998068153858185
4767802.996,634015775,218.33,103156529,-0.028450051322579384,-0.16660061478614807,1510,1510,245.94375610351562,0.017727531492710114
4767902.996,634015777,218.32,103156539,-0.08206071704626083,-0.16631607711315155,1510,1510,245.93936157226562,0.01141343079507351
4768002.996,634015777,218.32,103156539,-0.08913356810808182,-0.16965219378471375,1510,1510,245.94131469726562,0.005244755651801825
4768102.996,634015780,218.32,103156548,-0.04883011057972908,-0.16144944727420807,1510,1510,245.95928955078125,0.0011947406455874443
4768202.996,634015780,218.32,103156548,0.02546301670372486,-0.16705361008644104,1510,1510,245.98886108398438,0.0009368368191644549
4768302.996,634015782,218.32,103156557,0.09711230546236038,-0.16059555113315582,1510,1510,246.03016662597656,0.0031788675114512444
4768402.996,634015782,218.32,103156557,0.17283761501312256,-0.158446803689003,1510,1510,246.0859832763672,0.006379697471857071
4768502.996,634015785,218.32,103156565,0.21717418730258942,-0.16189150512218475,1510,1510,246.13787841796875,0.01057374756783247
4768602.996,634015785,218.32,103156565,0.23434484004974365,-0.1574128121137619,1510,1510,246.18670654296875,0.013587324880063534
4768702.996,634015786,218.31,103156574,0.19231952726840973,-0.1552334725856781,1510,1510,246.22360229492188,0.014984176494181156
4768802.996,634015786,218.31,103156574,0.10811130702495575,-0.16448462009429932,1510,1510,246.25088500976562,0.013971688225865364
4768902.996,634015789,218.32,103156582,0.0028531395364552736,-0.1633312702178955,1510,1510,246.26536560058594,0.011231817305088043
4769002.996,634015789,218.32,103156582,-0.06916554272174835,-0.16962459683418274,1510,1510,246.25827026367188,0.009522838518023491
4769102.996,634015791,218.32,103156591,-0.09821198135614395,-0.1672021597623825,1510,1510,246.2604217529297,0.008485677652060986
4769202.996,634015791,218.32,103156591,-0.07458605617284775,-0.17261837422847748,1510,1510,246.27960205078125,0.008401613682508469
4769302.996,634015793,218.32,103156599,-0.003485488472506404,-0.17214281857013702,1510,1510,246.31886291503906,0.007768196985125542
4769402.996,634015793,218.32,103156599,0.0765325054526329,-0.15173432230949402,1510,1510,246.34527587890625,0.006649455986917019
4769502.996,634015795,218.32,103156607,0.14703722298145294,-0.14986099302768707,1510,1510,246.38742065429688,0.004810765851289034
4769602.996,634015795,218.32,103156607,0.19932423532009125,-0.15254801511764526,1510,1510,246.4376678466797,0.0038127077277749777
4769702.996,634015797,218.32,103156613,0.2056436538696289,-0.16226279735565186,1510,1510,246.4791259765625,0.0046791923232376575
4769802.996,634015797,218.32,103156613,0.15945714712142944,-0.16107743978500366,1510,1510,246.51400756835938,0.007356810849159956
4769902.996,634015799,218.31,103156621,0.08652988076210022,-0.16768687963485718,1510,1510,246.54348754882812,0.012370622716844082
4770002.996,634015799,218.31,103156621,0.012944295071065426,-0.1717926263809204,1510,1510,246.59304809570312,0.016945622861385345
4770102.996,634015801,218.32,103156629,-0.041709769517183304,-0.16933667659759521,1510,1510,246.63360595703125,0.01663285866379738
4770202.996,634015801,218.32,103156629,-0.06679654866456985,-0.1646316796541214,1510,1510,246.64263916015625,0.012373415753245354
4770302.996,634015803,218.32,103156637,-0.048105575144290924,-0.1571156233549118,1510,1510,246.63909912109375,0.006060453597456217
4770402.996,634015803,218.32,103156637,-0.00158119376283139,-0.155126690864563,1510,1510,246.64114379882812,0.0009088777587749064
4770502.996,634015805,218.31,103156644,0.06589340418577194,-0.16125726699829102,1510,1510,246.6625213623047,-0.0001598805101821199
4770602.996,634015805,218.31,103156644,0.1208447515964508,-0.16315165162086487,1510,1510,246.70840454101562,0.0021640616469085217
4770702.996,634015807,218.33,103156652,0.15937787294387817,-0.15089493989944458,1510,1510,246.76754760742188,0.008097080513834953
4770802.996,634015807,218.33,103156652,0.17418713867664337,-0.15613099932670593,1510,1510,246.852294921875,0.01379985548555851
4770902.996,634015809,218.33,103156658,0.1451614648103714,-0.15810807049274445,1510,1510,246.912109375,0.015195059590041637
4771002.996,634015809,218.33,103156658,0.07833382487297058,-0.16316473484039307,1510,1510,246.89910888671875,0.012298539280891418
4771102.996,634015811,218.32,103156665,0.012108949944376945,-0.1668565571308136,1510,1510,246.88934326171875,0.0075850761495530605
4771202.996,634015811,218.32,103156665,-0.05610472708940506,-0.1667638123035431,1510,1510,246.89959716796875,0.005305014550685883
4771302.996,634015812,218.31,103156672,-0.0824151262640953,-0.17283248901367188,1510,1510,246.93389892578125,0.006297828163951635
4771402.996,634015812,218.31,103156672,-0.048960357904434204,-0.16403324902057648,1510,1510,246.9898681640625,0.009384874254465103
4771502.996,634015815,218.34,103156679,0.027768269181251526,-0.16579031944274902,1510,1510,247.05294799804688,0.010991627350449562
4771602.996,634015815,218.34,103156679,0.1184355765581131,-0.1562386453151703,1510,1510,247.07342529296875,0.009489601477980614
4771702.996,634015817,218.34,103156686,0.1843332052230835,-0.14880160987377167,1510,1510,247.0600128173828,0.004873286001384258
4771802.996,634015817,218.34,103156686,0.18139009177684784,-0.13977625966072083,1510,1510,247.02679443359375,0.0004982078680768609
4771902.996,634015818,218.34,103156692,0.1403498649597168,-0.13764898478984833,1510,1510,246.98574829101562,0.0006959142629057169
4772002.996,634015818,218.34,103156692,0.05440373718738556,-0.1623031198978424,1510,1510,246.97598266601562,0.006282271817326546
4772102.996,634015821,218.35,103156699,-0.02019474096596241,-0.18105675280094147,1510,1510,247.0180206298828,0.012639032676815987
4772202.996,634015821,218.35,103156699,-0.06963326036930084,-0.19031567871570587,1510,1510,247.0814666748047,0.015693120658397675
4772302.996,634015822,218.33,103156705,-0.0755496546626091,-0.18914872407913208,1510,1510,247.13345336914062,0.01364682987332344
4772402.996,634015822,218.33,103156705,-0.04286696016788483,-0.1737755984067917,1510,1510,247.17568969726562,0.008650878444314003
4772502.996,634015824,218.35,103156711,0.025254815816879272,-0.15741901099681854,1510,1510,247.19305419921875,0.002958630444481969
4772602.996,634015824,218.35,103156711,0.10195432603359222,-0.1377619504928589,1510,1510,247.18536376953125,-0.0005809767753817141
4772702.996,634015825,218.34,103156717,0.17399480938911438,-0.13584807515144348,1510,1510,247.18411254882812,-0.0006455997936427593
4772802.996,634015825,218.34,103156717,0.21102631092071533,-0.14471332728862762,1510,1510,247.18048095703125,0.00234542996622622
4772902.996,634015827,218.35,103156724,0.19459578394889832,-0.15155956149101257,1510,1510,247.16757202148438,0.005165822338312864
4773002.996,634015827,218.35,103156724,0.11028644442558289,-0.1642555296421051,1510,1510,247.13381958007812,0.007162024267017841
4773102.996,634015829,218.34,103156730,-0.004048686940222979,-0.16063302755355835,1510,1510,247.11724853515625,0.00909370556473732
4773202.996,634015829,218.34,103156730,-0.1073247566819191,-0.16555482149124146,1510,1510,247.13140869140625,0.00958725344389677
4773302.996,634015831,218.34,103156736,-0.15420496463775635,-0.17590923607349396,1510,1510,247.1681671142578,0.00979119073599577
4773402.996,634015831,218.34,103156736,-0.1330815702676773,-0.1894594132900238,1510,1510,247.2263641357422,0.009329204447567463
4773502.996,634015832,218.34,103156741,-0.04404424875974655,-0.19405126571655273,1510,1510,247.3197021484375,0.008579948917031288
4773602.996,634015832,218.34,103156741,0.07549391686916351,-0.18434500694274902,1510,1510,247.4010467529297,0.007928963750600815
4773702.996,634015834,218.34,103156747,0.191898912191391,-0.160585418343544,1510,1510,247.4499053955078,0.005909617058932781
4773802.996,634015834,218.34,103156747,0.2639197111129761,-0.13263364136219025,1510,1510,247.445068359375,0.0030281543731689453
4773902.996,634015835,218.35,103156753,0.2636217772960663,-0.10852357000112534,1510,1510,247.38397216796875,0.0007905590464361012
4774002.996,634015835,218.35,103156753,0.18242505192756653,-0.11123650521039963,1510,1510,247.3184814453125,-0.00030235934536904097
4774102.996,634015837,218.35,103156759,0.057170916348695755,-0.13754874467849731,1510,1510,247.27926635742188,0.000744253396987915
4774202.996,634015837,218.35,103156759,-0.08592911064624786,-0.16054990887641907,1510,1510,247.27670288085938,0.004588413052260876
4774302.996,634015838,218.34,103156765,-0.18438491225242615,-0.1926003396511078,1510,1510,247.30313110351562,0.009521711617708206
4774402.996,634015838,218.34,103156765,-0.20085160434246063,-0.21033397316932678,1510,1510,247.35330200195312,0.013322725892066956
4774502.996,634015839,218.31,103156769,-0.12715062499046326,-0.20888656377792358,1510,1510,247.45108032226562,0.014173769392073154
4774602.996,634015839,218.31,103156769,0.005756142549216747,-0.18625183403491974,1510,1510,247.5556640625,0.011180147528648376
4774702.996,634015841,218.31,103156774,0.1564246267080307,-0.17238202691078186,1510,1510,247.63241577148438,0.00639610318467021
4774802.996,634015841,218.31,103156774,0.2643774747848511,-0.13739851117134094,1510,1510,247.64862060546875,0.0012232114095240831
4774902.996,634015842,218.33,103156779,0.2903888523578644,-0.1261250376701355,1510,1510,247.642578125,-0.0021689964924007654
4775002.996,634015842,218.33,103156779,0.23925040662288666,-0.11545225977897644,1510,1510,247.60061645507812,-0.001713695703074336
4775102.996,634015844,218.31,103156785,0.11895275861024857,-0.1259075552225113,1510,1510,247.57861328125,0.0019438371527940035
4775202.996,634015844,218.31,103156785,-0.007964136078953743,-0.14303234219551086,1510,1510,247.5523681640625,0.005821541883051395
4775302.996,634015845,218.32,103156790,-0.13464900851249695,-0.1670619398355484,1510,1510,247.5552215576172,0.007960302755236626
4775402.996,634015845,218.32,103156790,-0.19490593671798706,-0.18711593747138977,1510,1510,247.58505249023438,0.008830627426505089
4775502.996,634015846,218.31,103156796,-0.17627719044685364,-0.19340218603610992,1510,1510,247.66647338867188,0.008924844674766064
4775602.996,634015846,218.31,103156796,-0.07645608484745026,-0.20003028213977814,1510,1510,247.74447631835938,0.010013222694396973
4775702.996,634015848,218.31,103156801,0.07010644674301147,-0.19463975727558136,1510,1510,247.8272705078125,0.009924945421516895
4775802.996,634015848,218.31,103156801,0.1937219500541687,-0.18259312212467194,1510,1510,247.8837890625,0.008660751394927502
4775902.996,634015849,218.31,103156805,0.26804119348526,-0.1553003042936325,1510,1510,247.90878295898438,0.006816856097429991
4776002.996,634015849,218.31,103156805,0.2653871774673462,-0.13202540576457977,1510,1510,247.87423706054688,0.004104443360120058
4776102.996,634015850,218.31,103156810,0.17993322014808655,-0.11712612956762314,1510,1510,247.83917236328125,0.001200227765366435
4776202.996,634015850,218.31,103156810,0.05473241209983826,-0.11569119989871979,1510,1510,247.81527709960938,0.0005646806675940752
4776302.996,634015852,218.29,103156815,-0.07774098217487335,-0.13945148885250092,1510,1510,247.79708862304688,0.002640389371663332
4776402.996,634015852,218.29,103156815,-0.1744650900363922,-0.1696535348892212,1510,1510,247.84176635742188,0.0073431264609098434
4776502.996,634015853,218.3,103156821,-0.15995420515537262,-0.19515305757522583,1510,1510,247.91036987304688,0.011716598644852638
4776602.996,634015853,218.3,103156821,-0.10240650177001953,-0.20638570189476013,1510,1510,247.95718383789062,0.013455167412757874
4776702.996,634015854,218.29,103156826,0.014126323163509369,-0.199409618973732,1510,1510,248.007080078125,0.012284180149435997
4776802.996,634015854,218.29,103156826,0.13875752687454224,-0.17626211047172546,1510,1510,248.07345581054688,0.008460376411676407
4776902.996,634015855,218.29,103156830,0.22426840662956238,-0.15327657759189606,1510,1510,248.09228515625,0.0042793033644557
4777002.996,634015855,218.29,103156830,0.2379142940044403,-0.1395007222890854,1510,1510,248.08184814453125,0.0017843185923993587
4777102.996,634015856,218.29,103156836,0.18229655921459198,-0.12736007571220398,1510,1510,248.08477783203125,0.002024046378210187
4777202.996,634015856,218.29,103156836,0.0791541039943695,-0.13397647440433502,1510,1510,248.0914306640625,0.004597906023263931
4777302.996,634015857,218.29,103156840,-0.015091529116034508,-0.14440058171749115,1510,1510,248.10440063476562,0.007061552722007036
4777402.996,634015857,218.29,103156840,-0.10139495134353638,-0.1584092676639557,1510,1510,248.10507202148438,0.008297687396407127
4777502.996,634015858,218.27,103156846,-0.12987665832042694,-0.17605890333652496,1510,1510,248.1237335205078,0.008332870900630951
4777602.996,634015858,218.27,103156846,-0.12018116563558578,-0.17723526060581207,1510,1510,248.16314697265625,0.008629079908132553
4777702.996,634015859,218.27,103156850,-0.037386704236269,-0.1893346756696701,1510,1510,248.2449188232422,0.00914478674530983
4777802.996,634015859,218.27,103156850,0.06333345174789429,-0.1817983239889145,1510,1510,248.28707885742188,0.008698458783328533
4777902.996,634015861,218.27,103156855,0.14555767178535461,-0.17366525530815125,1510,1510,248.33448791503906,0.0063794199377298355
4778002.996,634015861,218.27,103156855,0.18837904930114746,-0.15765753388404846,1510,1510,248.34207153320312,0.004295957274734974
4778102.996,634015861,218.27,103156859,0.18030615150928497,-0.14234431087970734,1510,1510,248.32980346679688,0.00473872572183609
4778202.996,634015861,218.27,103156859,0.13450004160404205,-0.13526442646980286,1510,1510,248.3149871826172,0.006473397370427847
4778302.996,634015863,218.27,103156864,0.07781869173049927,-0.13826879858970642,1510,1510,248.30709838867188,0.006972052622586489
4778402.996,634015863,218.27,103156864,-0.0043434519320726395,-0.14641551673412323,1510,1510,248.296875,0.005418634042143822
4778502.996,634015864,218.26,103156868,-0.06602964550256729,-0.15567368268966675,1510,1510,248.29466247558594,0.005445514339953661
4778602.996,634015864,218.26,103156868,-0.10862329602241516,-0.17300739884376526,1510,1510,248.30471801757812,0.00820386502891779
4778702.996,634015865,218.26,103156873,-0.08670011162757874,-0.18892335891723633,1510,1510,248.35951232910156,0.010942837223410606
4778802.996,634015865,218.26,103156873,-0.03174182027578354,-0.18979701399803162,1510,1510,248.41079711914062,0.01007429976016283
4778902.996,634015866,218.26,103156877,0.0436890609562397,-0.18634279072284698,1510,1510,248.43942260742188,0.006876942701637745
4779002.996,634015866,218.26,103156877,0.11377808451652527,-0.16322192549705505,1510,1510,248.4940185546875,0.004595795646309853
4779102.996,634015867,218.26,103156881,0.17019496858119965,-0.1455492377281189,1510,1510,248.53961181640625,0.0045998431742191315
4779202.996,634015867,218.26,103156881,0.18675515055656433,-0.14520059525966644,1510,1510,248.53961181640625,0.004619398154318333
4779302.996,634015868,218.26,103156885,0.15100418031215668,-0.14522039890289307,1510,1510,248.57530212402344,0.003593567293137312
4779402.996,634015868,218.26,103156885,0.07827384769916534,-0.1470199078321457,1510,1510,248.56655883789062,0.0038829236291348934
4779502.996,634015869,218.26,103156890,-0.0026327904779464006,-0.15448492765426636,1510,1510,248.55648803710938,0.007035041227936745
4779602.996,634015869,218.26,103156890,-0.06565216183662415,-0.16749797761440277,1510,1510,248.59463500976562,0.010383861139416695
4779702.996,634015870,218.25,103156894,-0.1019953191280365,-0.1728663593530655,1510,1510,248.61566162109375,0.0098700150847435
4779802.996,634015870,218.25,103156894,-0.10585371404886246,-0.17319191992282867,1510,1510,248.61947631835938,0.006373876705765724
4779902.996,634015871,218.24,103156899,-0.06681462377309799,-0.17257922887802124,1510,1510,248.6427001953125,0.0032071592286229134
4780002.996,634015871,218.24,103156899,0.015629982575774193,-0.16961956024169922,1510,1510,248.68321228027344,0.004370570182800293
4780102.996,634015872,218.25,103156903,0.12139790505170822,-0.16994640231132507,1510,1510,248.76568603515625,0.006186373997479677
4780202.996,634015872,218.25,103156903,0.19229534268379211,-0.16157923638820648,1510,1510,248.81912231445312,0.006247750483453274
4780302.996,634015873,218.25,103156907,0.20872655510902405,-0.15616032481193542,1510,1510,248.86639404296875,0.004363314248621464
4780402.996,634015873,218.25,103156907,0.1610717624425888,-0.14609089493751526,1510,1510,248.87734985351562,0.0038353828713297844
4780502.996,634015874,218.24,103156911,0.07469730079174042,-0.1409936100244522,1510,1510,248.89682006835938,0.006119157187640667
4780602.996,634015874,218.24,103156911,-0.009715424850583076,-0.14902663230895996,1510,1510,248.9144287109375,0.007990789599716663
4780702.996,634015874,218.23,103156915,-0.08167445659637451,-0.15157479047775269,1510,1510,248.91754150390625,0.007292844355106354
4780802.996,634015874,218.23,103156915,-0.1316964030265808,-0.17225627601146698,1510,1510,248.90957641601562,0.005360681097954512
4780902.996,634015876,218.23,103156919,-0.1167018711566925,-0.18310387432575226,1510,1510,248.9473876953125,0.006017034873366356
4781002.996,634015876,218.23,103156919,-0.04379086196422577,-0.17630919814109802,1510,1510,249.01229858398438,0.007988767698407173
4781102.996,634015877,218.24,103156924,0.06205923482775688,-0.16773298382759094,1510,1510,249.07379150390625,0.006762264296412468
4781202.996,634015877,218.24,103156924,0.15909358859062195,-0.16387256979942322,1510,1510,249.1649627685547,0.0034432108514010906
4781302.996,634015877,218.23,103156926,0.19920513033866882,-0.15781930088996887,1510,1510,249.22561645507812,0.0012242106022313237
4781402.996,634015877,218.23,103156926,0.19004295766353607,-0.1513729691505432,1510,1510,249.28189086914062,0.0033439253456890583
4781502.996,634015878,218.23,103156930,0.131449356675148,-0.14522352814674377,1510,1510,249.3203125,0.006158716045320034
4781602.996,634015878,218.23,103156930,0.05079302936792374,-0.15841099619865417,1510,1510,249.35159301757812,0.007401169277727604
4781702.996,634015879,218.23,103156934,-0.03846239298582077,-0.1610318422317505,1510,1510,249.33108520507812,0.006645747926086187
4781802.996,634015879,218.23,103156934,-0.10293948650360107,-0.15969711542129517,1510,1510,249.3238067626953,0.006274865474551916
4781902.996,634015880,218.22,103156938,-0.11349111795425415,-0.1660483181476593,1510,1510,249.31057739257812,0.006372521631419659
4782002.996,634015880,218.22,103156938,-0.0660821795463562,-0.1670539677143097,1510,1510,249.3449249267578,0.0056118532083928585
4782102.996,634015881,218.22,103156941,0.005642180796712637,-0.16824567317962646,1510,1510,249.36834716796875,0.003238386707380414
4782202.996,634015881,218.22,103156941,0.09067892283201218,-0.1720466911792755,1510,1510,249.42955017089844,0.001952741527929902
4782302.996,634015882,218.22,103156945,0.1431966871023178,-0.16905370354652405,1510,1510,249.47808837890625,0.003190174698829651
4782402.996,634015882,218.22,103156945,0.17354996502399445,-0.1608225405216217,1510,1510,249.53517150878906,0.005997749045491219
4782502.996,634015882,218.2,103156948,0.16526806354522705,-0.14477741718292236,1510,1510,249.57901000976562,0.008016458712518215
4782602.996,634015882,218.2,103156948,0.09649111330509186,-0.14017337560653687,1510,1510,249.57977294921875,0.006519928574562073
4782702.996,634015883,218.21,103156951,0.0016908857505768538,-0.1498405784368515,1510,1510,249.57945251464844,0.0041708797216415405
4782802.996,634015883,218.21,103156951,-0.0760580450296402,-0.16256730258464813,1510,1510,249.53445434570312,0.004241075366735458
4782902.996,634015884,218.2,103156954,-0.11003968864679337,-0.1717589795589447,1510,1510,249.5217742919922,0.005563539452850819
4783002.996,634015884,218.2,103156954,-0.07610677182674408,-0.17107632756233215,1510,1510,249.56683349609375,0.0058187018148601055
4783102.996,634015885,218.19,103156958,-0.017645709216594696,-0.17705020308494568,1510,1510,249.59983825683594,0.004521061200648546
4783202.996,634015885,218.19,103156958,0.06797130405902863,-0.16772031784057617,1510,1510,249.63442993164062,0.003575190668925643
4783302.996,634015886,218.18,103156961,0.14038604497909546,-0.15880733728408813,1510,1510,249.68035888671875,0.004200288560241461
4783402.996,634015886,218.18,103156961,0.1797478049993515,-0.15554474294185638,1510,1510,249.73777770996094,0.004472535103559494
4783502.996,634015887,218.18,103156965,0.15044721961021423,-0.1551234871149063,1510,1510,249.77352905273438,0.004162141587585211
4783602.996,634015887,218.18,103156965,0.08306697010993958,-0.14773698151111603,1510,1510,249.76856994628906,0.0048773507587611675
4783702.996,634015888,218.16,103156969,0.0014810862485319376,-0.1644069254398346,1510,1510,249.78111267089844,0.006652986165136099
4783802.996,634015888,218.16,103156969,-0.05616527050733566,-0.16709396243095398,1510,1510,249.78366088867188,0.007515678182244301
4783902.996,634015888,218.14,103156973,-0.07288546115159988,-0.17412663996219635,1510,1510,249.75247192382812,0.006226742174476385
4784002.996,634015888,218.14,103156973,-0.06312020123004913,-0.15655799210071564,1510,1510,249.77651977539062,0.004141153767704964
4784102.996,634015889,218.14,103156977,-0.015705570578575134,-0.15629765391349792,1510,1510,249.79293823242188,0.002650138456374407
4784202.996,634015889,218.14,103156977,0.053270451724529266,-0.15566952526569366,1510,1510,249.80764770507812,0.0024635964073240757
4784302.996,634015889,218.11,103156981,0.11184636503458023,-0.15443825721740723,1510,1510,249.869140625,0.0028821874875575304