timestamp(ms),RCIN.C1,RCIN.C3,GPS.Lat,GPS.Alt,GPS.Lng,IMU.AccX,IMU.AccY,DCM.Yaw,IMU.GyrZ
4304242.743,1500,1499,634014164,220.73,103148956,0.029409930109977722,-0.1609552502632141,58.10646438598633,-0.0013283590087667108
4304342.743,1500,1499,634014164,220.73,103148956,0.02713918685913086,-0.16880372166633606,58.11481857299805,-0.0017493795603513718
4304442.743,1500,1499,634014164,220.73,103148957,0.030983056873083115,-0.1628059297800064,58.13901901245117,-0.001501556602306664
4304542.743,1500,1499,634014164,220.73,103148957,0.02957495115697384,-0.1605188250541687,58.14200210571289,-0.0011188371572643518
4304642.743,1500,1499,634014164,220.73,103148958,0.033733025193214417,-0.16043388843536377,58.10071563720703,-0.0006340800900943577
4304742.743,1500,1499,634014164,220.73,103148958,0.035555150359869,-0.15788385272026062,58.105037689208984,-0.0007278169505298138
4304842.743,1500,1499,634014164,220.73,103148958,0.031578000634908676,-0.16450797021389008,58.08652114868164,-0.0011646950151771307
4304942.743,1500,1499,634014164,220.73,103148958,0.0317852683365345,-0.16289451718330383,58.0875129699707,-0.0015364226419478655
4305042.743,1500,1499,634014164,220.73,103148960,0.03315610811114311,-0.15897391736507416,58.04727554321289,-0.0018994181882590055
4305142.743,1500,1499,634014164,220.73,103148960,0.03360426798462868,-0.1603725701570511,58.05178451538086,-0.001591030042618513
4305242.743,1500,1499,634014164,220.73,103148960,0.027491355314850807,-0.15455400943756104,58.05012893676758,-0.0013057271717116237
4305342.743,1500,1499,634014164,220.73,103148960,0.029322577640414238,-0.15410691499710083,58.052459716796875,-0.0010596809443086386
4305442.743,1500,1499,634014164,220.73,103148961,0.03638199716806412,-0.16819342970848083,58.04805374145508,-0.0011860470985993743
4305542.743,1500,1499,634014164,220.73,103148961,0.03643340244889259,-0.16419662535190582,58.04137420654297,-0.0012118753511458635
4305642.743,1500,1499,634014164,220.73,103148962,0.03486005589365959,-0.17110559344291687,58.055301666259766,-0.0012866233009845018
4305742.743,1500,1499,634014164,220.73,103148962,0.022760512307286263,-0.16798964142799377,58.03715896606445,-0.0015083542093634605
4305842.743,1500,1499,634014164,220.72,103148963,0.02422122284770012,-0.1583147495985031,58.00647735595703,-0.0013633028138428926
4305942.743,1500,1499,634014164,220.72,103148963,0.028190510347485542,-0.15665161609649658,57.98427963256836,-0.0010134534677490592
4306042.743,1500,1499,634014164,220.73,103148964,0.031761158257722855,-0.1618804782629013,58.00669479370117,-0.0008847463177517056
4306142.743,1500,1499,634014164,220.73,103148964,0.034947626292705536,-0.1610536128282547,57.98490905761719,-0.00123216537758708
4306242.743,1500,1499,634014164,220.72,103148966,0.02889079600572586,-0.16026002168655396,57.956912994384766,-0.0016776479315012693
4306342.743,1500,1499,634014164,220.72,103148966,0.028180552646517754,-0.16356825828552246,57.96529769897461,-0.0015037294942885637
4306442.743,1500,1499,634014164,220.72,103148966,0.028066586703062057,-0.16493597626686096,57.94227600097656,-0.0014042197726666927
4306542.743,1500,1499,634014164,220.72,103148966,0.022899756208062172,-0.16644668579101562,57.91551208496094,-0.0013951038708910346
4306642.743,1500,1499,634014164,220.72,103148967,0.03631450608372688,-0.1647680550813675,57.895301818847656,-0.0008352667209692299
4306742.743,1500,1499,634014164,220.72,103148967,0.034117650240659714,-0.16238823533058167,57.87839889526367,-0.0010276309913024306
4306842.743,1500,1499,634014164,220.71,103148967,0.035768479108810425,-0.16751599311828613,57.865421295166016,-0.0011461855610832572
4306942.743,1500,1499,634014164,220.71,103148967,0.034999605268239975,-0.16595929861068726,57.853782653808594,-0.0012835313100367785
4307042.743,1500,1499,634014164,220.72,103148967,0.03476569801568985,-0.16786514222621918,57.830238342285156,-0.0017844759859144688
4307142.743,1500,1496,634014164,220.72,103148967,0.02475174143910408,-0.1587953269481659,57.808929443359375,-0.0016487345565110445
4307242.743,1500,1494,634014165,220.72,103148968,0.02391021139919758,-0.15800324082374573,57.842689514160156,-0.0014651394449174404
4307342.743,1500,1494,634014165,220.72,103148968,0.027277452871203423,-0.15927335619926453,57.82328414916992,-0.0009628762491047382
4307442.743,1500,1484,634014164,220.71,103148968,0.02870650216937065,-0.16395303606987,57.8204231262207,-0.0008836485212668777
4307542.743,1500,1473,634014164,220.71,103148968,0.033395156264305115,-0.16928793489933014,57.81096267700195,-0.001039403723552823
4307642.743,1496,1473,634014164,220.73,103148969,0.03512058034539223,-0.17005831003189087,57.7984504699707,-0.0014445390552282333
4307742.743,1494,1473,634014164,220.73,103148969,0.035529933869838715,-0.16415899991989136,57.79198455810547,-0.0020585216116160154
4307842.743,1494,1473,634014165,220.74,103148970,0.030491840094327927,-0.1632547229528427,57.80705642700195,-0.0018650197889655828
4307942.743,1493,1488,634014165,220.74,103148970,0.019442688673734665,-0.1661873757839203,57.84191131591797,-0.001309739425778389
4308042.743,1493,1502,634014165,220.73,103148971,0.02698061428964138,-0.16682113707065582,57.8236198425293,-0.0007089919527061284
4308142.743,1493,1504,634014165,220.73,103148971,0.03329369053244591,-0.16188041865825653,57.80112075805664,-0.0007438579341396689
4308242.743,1493,1504,634014165,220.74,103148971,0.029608607292175293,-0.16720007359981537,57.78371810913086,-0.0013543167151510715
4308342.743,1493,1504,634014165,220.74,103148971,0.03157354146242142,-0.1606818437576294,57.78856658935547,-0.00194374262355268
4308442.743,1493,1504,634014165,220.75,103148972,0.0333278626203537,-0.16291245818138123,57.77451705932617,-0.002037538681179285
4308542.743,1493,1504,634014165,220.75,103148972,0.027548013255000114,-0.16817517578601837,57.77025604248047,-0.0018303398974239826
4308642.743,1493,1510,634014165,220.75,103148973,0.024486832320690155,-0.1675548255443573,57.762939453125,-0.0011041014222428203
4308742.743,1493,1510,634014165,220.75,103148973,0.02599557489156723,-0.16803020238876343,57.741458892822266,-0.0008295854204334319
4308842.743,1493,1505,634014165,220.76,103148972,0.029723547399044037,-0.16191452741622925,57.73702621459961,-0.0011932399356737733
4308942.743,1493,1504,634014165,220.76,103148972,0.03533142805099487,-0.1629486382007599,57.720184326171875,-0.0014316756278276443
4309042.743,1493,1517,634014165,220.76,103148973,0.029653562232851982,-0.16157609224319458,57.71522521972656,-0.0017729531973600388
4309142.743,1492,1524,634014165,220.76,103148973,0.025108467787504196,-0.1617187261581421,57.68841552734375,-0.0018231830326840281
4309242.743,1492,1602,634014165,220.76,103148973,0.03891347348690033,-0.17560406029224396,57.628292083740234,-0.0015924453036859632
4309342.743,1492,1628,634014165,220.76,103148973,0.5861414670944214,-0.15446114540100098,57.63570785522461,-0.00031088507967069745
4309442.743,1492,1634,634014166,220.76,103148977,0.6442451477050781,-0.15904439985752106,57.61587905883789,0.0014024304691702127
4309542.743,1492,1634,634014166,220.76,103148977,1.23883056640625,-0.18923598527908325,57.614959716796875,0.0038356324657797813
4309642.743,1492,1635,634014168,220.78,103148988,1.5807819366455078,-0.1627795547246933,57.625423431396484,0.0046866051852703094
4309742.743,1492,1635,634014168,220.78,103148988,1.6108452081680298,-0.15538261830806732,57.63949966430664,0.006829787977039814
4309842.743,1494,1635,634014173,220.78,103149007,1.5679408311843872,-0.1666349619626999,57.6663703918457,0.00897998921573162
4309942.743,1508,1635,634014173,220.78,103149007,1.3959784507751465,-0.16771332919597626,57.69682312011719,0.00879995059221983
4310042.743,1516,1635,634014180,220.77,103149032,1.2307908535003662,-0.15198609232902527,57.732696533203125,0.007567585911601782
4310142.743,1532,1630,634014180,220.77,103149032,1.0622715950012207,-0.16348691284656525,57.754600524902344,0.005490227602422237
4310242.743,1542,1628,634014187,220.78,103149060,0.8504021167755127,-0.15618430078029633,57.79813766479492,0.005070202052593231
4310342.743,1605,1628,634014187,220.78,103149060,0.8097352981567383,0.012837803922593594,57.89118957519531,0.01746147684752941
4310442.743,1669,1630,634014194,220.78,103149094,1.0407726764678955,0.1371421068906784,58.42940902709961,0.08635178953409195
4310542.743,1673,1630,634014194,220.78,103149094,1.007576823234558,0.21865704655647278,59.41571807861328,0.17712801694869995
4310642.743,1674,1630,634014202,220.78,103149133,1.094712257385254,0.3617574870586395,60.78040313720703,0.2514708936214447
4310742.743,1674,1630,634014202,220.78,103149133,1.0979093313217163,0.33765503764152527,62.369083404541016,0.2897207736968994
4310842.743,1674,1630,634014209,220.78,103149177,1.0476161241531372,0.256842702627182,63.98594665527344,0.29513025283813477
4310942.743,1674,1630,634014209,220.78,103149177,0.8212641477584839,0.33973392844200134,65.51347351074219,0.2802870571613312
4311042.743,1674,1630,634014215,220.77,103149224,0.8112339377403259,0.23395198583602905,66.92110443115234,0.2615744471549988
4311142.743,1674,1630,634014215,220.77,103149224,0.7772826552391052,0.16427232325077057,68.20634460449219,0.2385272979736328
4311242.743,1674,1630,634014221,220.76,103149276,0.7294398546218872,0.2150096446275711,69.36961364746094,0.2186693251132965
4311342.743,1674,1630,634014221,220.76,103149276,0.7805379629135132,0.1614050716161728,70.52005767822266,0.21014468371868134
4311442.743,1674,1630,634014226,220.76,103149331,0.8193056583404541,0.13141201436519623,71.58135986328125,0.1916530579328537
4311542.743,1674,1630,634014226,220.76,103149331,0.7383419871330261,0.17056533694267273,72.51046752929688,0.17317704856395721
4311642.743,1675,1630,634014230,220.76,103149386,0.6861482858657837,0.1168300062417984,73.36647033691406,0.1607300192117691
4311742.743,1679,1630,634014230,220.76,103149386,0.6205511093139648,0.11091144382953644,74.23446655273438,0.15480145812034607
4311842.743,1679,1630,634014234,220.74,103149443,0.5638422966003418,0.09112167358398438,75.06981658935547,0.15397554636001587
4311942.743,1680,1630,634014234,220.74,103149443,0.6545915007591248,0.056382954120635986,75.90409088134766,0.15080687403678894
4312042.743,1681,1630,634014237,220.73,103149500,0.5485138893127441,0.10425803810358047,76.69013214111328,0.14348402619361877
4312142.743,1734,1628,634014237,220.73,103149500,0.5913416147232056,0.12343498319387436,77.49493408203125,0.141275554895401
4312242.743,1734,1628,634014239,220.72,103149558,0.8923959136009216,0.11496013402938843,78.34862518310547,0.15193063020706177
4312342.743,1741,1622,634014239,220.72,103149558,1.03788161277771,0.23642992973327637,79.24919891357422,0.16949352622032166
4312442.743,1761,1604,634014241,220.72,103149619,0.8670103549957275,0.3153391480445862,80.27214050292969,0.194947749376297
4312542.743,1761,1604,634014241,220.72,103149619,0.8076117038726807,0.30265843868255615,81.43739318847656,0.21671026945114136
4312642.743,1781,1602,634014241,220.71,103149681,0.6840200424194336,0.222280353307724,82.61002349853516,0.22130882740020752
4312742.743,1782,1602,634014241,220.71,103149681,0.6279360055923462,0.23925554752349854,83.72371673583984,0.2135431170463562
4312842.743,1782,1602,634014239,220.7,103149738,0.620674729347229,0.016556117683649063,84.67288208007812,0.18767213821411133
4312942.743,1784,1602,634014239,220.7,103149738,0.6989132165908813,0.03360312432050705,85.49535369873047,0.16502520442008972
4313042.743,1801,1602,634014237,220.7,103149794,0.7597140669822693,0.11824668943881989,86.28125,0.15961770713329315
4313142.743,1804,1602,634014237,220.7,103149794,0.5505873560905457,0.043643489480018616,87.25387573242188,0.17946745455265045
4313242.743,1805,1601,634014234,220.7,103149846,0.6756086945533752,0.08697230368852615,88.4377670288086,0.22732457518577576
4313342.743,1805,1600,634014234,220.7,103149846,0.5788288712501526,0.16440393030643463,89.6710433959961,0.23044532537460327
4313442.743,1805,1600,634014230,220.67,103149892,-0.10091971606016159,0.1509300172328949,91.0052490234375,0.23204514384269714
4313542.743,1805,1600,634014230,220.67,103149892,0.06031132489442825,0.34420323371887207,92.61331939697266,0.2853212356567383
4313642.743,1805,1600,634014224,220.68,103149934,0.37090569734573364,0.3536511957645416,94.28424835205078,0.3077012598514557
4313742.743,1805,1600,634014224,220.68,103149934,0.25203385949134827,0.22650344669818878,96.10724639892578,0.3356594443321228
4313842.743,1805,1600,634014217,220.66,103149974,0.31968364119529724,0.17589989304542542,98.07173156738281,0.3587258756160736
4313942.743,1805,1600,634014217,220.66,103149974,0.2150920331478119,0.44299864768981934,100.4271469116211,0.4227863848209381
4314042.743,1805,1600,634014209,220.67,103150011,0.14603082835674286,0.38902080059051514,103.18182373046875,0.4843401312828064
4314142.743,1805,1600,634014209,220.67,103150011,-0.13431575894355774,0.46095728874206543,106.1905288696289,0.526313304901123
4314242.743,1805,1602,634014198,220.68,103150048,1.0121502876281738,0.5255668759346008,109.4394302368164,0.5664442777633667
4314342.743,1805,1602,634014198,220.68,103150048,0.8507716655731201,0.7636754512786865,112.663330078125,0.5600011348724365
4314442.743,1805,1602,634014184,220.67,103150085,0.14714647829532623,0.7458862662315369,115.76892852783203,0.5511230230331421
4314542.743,1805,1602,634014184,220.67,103150085,0.6309744119644165,0.42318499088287354,118.83583068847656,0.5393017530441284
4314642.743,1805,1602,634014167,220.65,103150125,1.701480746269226,0.5093773603439331,121.63285064697266,0.4844322204589844
4314742.743,1805,1602,634014167,220.65,103150125,1.5082529783248901,0.31255316734313965,123.73131561279297,0.3694896697998047
4314842.743,1805,1602,634014147,220.63,103150170,1.433462381362915,0.1382514387369156,125.19005584716797,0.24855414032936096
4314942.743,1805,1602,634014147,220.63,103150170,1.109482765197754,0.20234903693199158,126.36854553222656,0.19921444356441498
4315042.743,1805,1602,634014127,220.62,103150212,0.3995952010154724,0.18355152010917664,127.78862762451172,0.2314341962337494
4315142.743,1805,1602,634014127,220.62,103150212,0.844671905040741,0.12486397475004196,129.52989196777344,0.28284066915512085
4315242.743,1805,1602,634014106,220.65,103150250,0.4952200949192047,0.3279108703136444,131.37728881835938,0.29068461060523987
4315342.743,1805,1602,634014106,220.65,103150250,0.7890446782112122,0.25599581003189087,133.06394958496094,0.2777191400527954
4315442.743,1805,1601,634014083,220.65,103150290,1.053460717201233,0.20414696633815765,134.49603271484375,0.22441366314888
4315542.743,1805,1601,634014083,220.65,103150290,0.9449131488800049,0.3810678720474243,135.7022247314453,0.1858132928609848
4315642.743,1805,1601,634014083,220.65,103150290,0.8199573159217834,0.23300307989120483,136.9705810546875,0.19527815282344818
4315742.743,1805,1601,634014059,220.64,103150326,0.4666534662246704,0.15114808082580566,138.46759033203125,0.23792977631092072
4315842.743,1806,1601,634014035,220.63,103150359,0.9749388694763184,0.16280023753643036,140.172119140625,0.2737724184989929
4315942.743,1812,1601,634014035,220.63,103150359,1.0806905031204224,0.14062270522117615,141.6775665283203,0.24116569757461548
4316042.743,1814,1596,634014011,220.63,103150391,0.7506492137908936,0.20547114312648773,143.1595916748047,0.22447679936885834
4316142.743,1826,1575,634014011,220.63,103150391,0.1665043979883194,0.4213782548904419,144.8497314453125,0.2604617476463318
4316242.743,1835,1572,634013986,220.61,103150417,0.6793761253356934,0.3512543737888336,146.619873046875,0.28534072637557983
4316342.743,1836,1524,634013986,220.61,103150417,0.42792820930480957,0.2654699981212616,148.37277221679688,0.280020534992218
4316442.743,1836,1524,634013963,220.61,103150439,0.16363726556301117,0.2735655903816223,150.13507080078125,0.274623304605484
4316542.743,1836,1522,634013963,220.61,103150439,-0.34944552183151245,0.1530945599079132,151.72415161132812,0.25857874751091003
4316642.743,1836,1522,634013942,220.6,103150455,-0.4337090253829956,0.15413358807563782,153.14004516601562,0.2244797646999359
4316742.743,1836,1522,634013942,220.6,103150455,-1.1854338645935059,0.4412703216075897,154.67422485351562,0.2328733503818512
4316842.743,1836,1522,634013926,220.61,103150464,-0.7829363346099854,0.2047174870967865,156.6140594482422,0.3113977909088135
4316942.743,1836,1525,634013926,220.61,103150464,-0.6867595911026001,0.13578349351882935,158.70980834960938,0.3449152708053589
4317042.743,1836,1540,634013911,220.6,103150468,-0.6568310856819153,0.3087286353111267,160.89830017089844,0.3512457609176636
4317142.743,1837,1544,634013911,220.6,103150468,-0.5709133744239807,0.34858477115631104,163.61553955078125,0.42984211444854736
4317242.743,1837,1544,634013900,220.61,103150468,-0.5825293064117432,0.21727266907691956,166.82815551757812,0.5248048305511475
4317342.743,1837,1544,634013900,220.61,103150468,-0.7893497943878174,0.31534543633461,170.68978881835938,0.6276811361312866
4317442.743,1837,1544,634013890,220.61,103150464,-0.6593835353851318,0.2912844717502594,175.14625549316406,0.7376786470413208
4317542.743,1837,1544,634013890,220.61,103150464,-0.5613096952438354,0.5163564682006836,179.9525604248047,0.8005344271659851
4317642.743,1837,1544,634013883,220.58,103150455,-0.639434814453125,0.40965601801872253,185.05380249023438,0.8479859828948975
4317742.743,1837,1544,634013883,220.58,103150455,-0.4386780560016632,0.435722291469574,190.4096221923828,0.8857085108757019
4317842.743,1837,1544,634013879,220.58,103150443,-0.41233569383621216,0.49056077003479004,195.8371124267578,0.9071178436279297
4317942.743,1837,1544,634013879,220.58,103150443,-0.33372482657432556,0.28611448407173157,201.322509765625,0.9217157959938049
4318042.743,1837,1544,634013878,220.55,103150430,-0.36348259449005127,0.12383627891540527,206.75296020507812,0.9182667136192322
4318142.743,1837,1544,634013878,220.55,103150430,-0.16919609904289246,-0.012506651692092419,212.1066436767578,0.903188943862915
4318242.743,1837,1544,634013875,220.54,103150421,-0.24187219142913818,-0.10159692168235779,217.3556365966797,0.8944010138511658
4318342.743,1837,1544,634013875,220.54,103150421,-0.2894075810909271,-0.28643032908439636,222.68531799316406,0.8962408900260925
4318442.743,1837,1544,634013873,220.53,103150410,-0.3410077393054962,-0.21830148994922638,228.02603149414062,0.9041303396224976
4318542.743,1837,1544,634013873,220.53,103150410,-0.43047666549682617,0.03291761130094528,233.5500946044922,0.9302955865859985
4318642.743,1837,1544,634013873,220.55,103150403,-0.6443428993225098,-0.019081521779298782,239.27737426757812,0.9655969738960266
4318742.743,1811,1571,634013873,220.55,103150403,-0.2804698050022125,0.18902939558029175,245.23464965820312,1.009033441543579
4318842.743,1811,1571,634013873,220.55,103150397,-0.07613743096590042,0.5158124566078186,251.38156127929688,1.0431519746780396
4318942.743,1796,1601,634013873,220.55,103150397,0.6111925840377808,0.6193636655807495,257.68475341796875,1.062919020652771
4319042.743,1778,1617,634013875,220.49,103150380,1.0591553449630737,0.6581141948699951,263.8408508300781,1.0633219480514526
4319142.743,1751,1619,634013875,220.49,103150380,1.5595593452453613,0.37910717725753784,269.6467590332031,1.0190271139144897
4319242.743,1718,1616,634013880,220.46,103150355,1.4731643199920654,0.11854496598243713,274.762939453125,0.910498857498169
4319342.743,1540,1611,634013880,220.46,103150355,0.9753015041351318,-0.47534650564193726,279.0971984863281,0.7779546976089478
4319442.743,1524,1607,634013886,220.46,103150323,0.8625248670578003,-0.612623929977417,282.22149658203125,0.5636721253395081
4319542.743,1516,1569,634013886,220.46,103150323,0.601808488368988,-0.25609123706817627,284.4554748535156,0.4103866219520569
4319642.743,1513,1513,634013893,220.49,103150290,0.1248098760843277,-0.4371878504753113,286.33099365234375,0.3395182490348816
4319742.743,1512,1498,634013893,220.49,103150290,-0.1636953502893448,-0.33149462938308716,287.8432922363281,0.2791769504547119
4319842.743,1510,1496,634013897,220.5,103150259,-0.05415516346693039,0.26865434646606445,288.7657470703125,0.17780685424804688
4319942.743,1510,1496,634013897,220.5,103150259,-0.18423102796077728,0.7084373235702515,289.124755859375,0.07898911833763123
4320042.743,1510,1496,634013906,220.41,103150230,-0.19840146601200104,0.6629867553710938,289.26837158203125,0.03439606353640556
4320142.743,1510,1496,634013906,220.41,103150230,-0.2195948213338852,-0.4606183171272278,289.523681640625,0.0525769367814064
4320242.743,1510,1496,634013913,220.45,103150202,-0.0666535347700119,-1.2247625589370728,289.8172607421875,0.056172046810388565
4320342.743,1510,1496,634013913,220.45,103150202,0.16213160753250122,-1.3665058612823486,290.06756591796875,0.03582341969013214
4320442.743,1510,1496,634013916,220.48,103150171,0.1495392918586731,-0.7445479035377502,290.2640686035156,0.028626807034015656
4320542.743,1510,1496,634013916,220.48,103150171,-0.08620996028184891,0.7206381559371948,290.52972412109375,0.039553914219141006
4320642.743,1510,1496,634013924,220.42,103150145,-0.17693813145160675,0.44340020418167114,290.68194580078125,0.0423961877822876
4320742.743,1510,1496,634013924,220.42,103150145,-0.4841710329055786,0.22338493168354034,290.3387451171875,-0.03490609675645828
4320842.743,1510,1496,634013930,220.4,103150120,-0.2955802083015442,-0.401275634765625,290.01708984375,-0.06876195967197418
4320942.743,1510,1496,634013930,220.4,103150120,0.0026760143227875233,-0.6475799083709717,289.7950439453125,-0.060000259429216385
4321042.743,1510,1496,634013933,220.39,103150097,0.12330915033817291,-0.7880222797393799,289.65216064453125,-0.03546001389622688
4321142.743,1510,1496,634013933,220.39,103150097,0.04539770632982254,-0.24946020543575287,289.5426330566406,-0.021188708022236824
4321242.743,1512,1496,634013936,220.38,103150073,-0.16668236255645752,0.09408249706029892,289.399169921875,-0.02207120880484581
4321342.743,1515,1496,634013936,220.38,103150073,-0.2754519581794739,0.23227909207344055,289.3335876464844,-0.006691641174256802
4321442.743,1519,1496,634013940,220.31,103150052,-0.2516740560531616,0.04917430505156517,289.47283935546875,0.028091834858059883
4321542.743,1519,1496,634013940,220.31,103150052,-0.04552130401134491,-0.415411114692688,289.6131286621094,0.034684840589761734
4321642.743,1519,1496,634013944,220.31,103150031,-0.010706300847232342,-0.42194557189941406,289.424560546875,-0.01771688647568226
4321742.743,1554,1496,634013944,220.31,103150031,0.052050188183784485,-0.3377174437046051,289.1016845703125,-0.06293988972902298
4321842.743,1589,1496,634013947,220.3,103150011,-0.07922250777482986,-0.01284200232475996,288.81951904296875,-0.057963721454143524
4321942.743,1597,1496,634013947,220.3,103150011,-0.22264429926872253,-0.11188960075378418,288.76141357421875,-0.01454173494130373
4322042.743,1597,1496,634013951,220.28,103149992,-0.2294289916753769,-0.09965697675943375,288.9667663574219,0.03809766471385956
4322142.743,1597,1496,634013951,220.28,103149992,-0.16875474154949188,-0.029300911352038383,289.2727355957031,0.061354368925094604
4322242.743,1597,1496,634013954,220.26,103149976,-0.3323724567890167,-0.029891831800341606,289.5328369140625,0.05455075204372406
4322342.743,1588,1496,634013954,220.26,103149976,-0.5068191289901733,-0.10841032862663269,289.8890380859375,0.06228349357843399
4322442.743,1561,1496,634013957,220.25,103149962,-0.28241726756095886,-0.21248961985111237,290.4986572265625,0.09914854168891907
4322542.743,1523,1496,634013957,220.25,103149962,-0.01279620174318552,-0.017669305205345154,291.2179260253906,0.12372710555791855
4322642.743,1510,1496,634013960,220.22,103149948,0.07928642630577087,-0.13822808861732483,291.8733825683594,0.11250169575214386
4322742.743,1506,1496,634013960,220.22,103149948,0.014160295017063618,-0.03504718840122223,292.4249267578125,0.09811578691005707
4322842.743,1505,1496,634013963,220.19,103149936,0.006040127016603947,-0.139491468667984,292.88360595703125,0.09102710336446762
4322942.743,1505,1496,634013963,220.19,103149936,0.06049789488315582,-0.1848166137933731,293.3464050292969,0.09058836847543716
4323042.743,1505,1496,634013966,220.18,103149923,0.042618487030267715,-0.2088060975074768,293.7483215332031,0.07670864462852478
4323142.743,1514,1496,634013966,220.18,103149923,-0.04992049187421799,-0.2183011919260025,294.07147216796875,0.061751700937747955
4323242.743,1518,1496,634013969,220.16,103149910,-0.01041468232870102,-0.0695953220129013,294.41156005859375,0.0587054006755352
4323342.743,1519,1496,634013969,220.16,103149910,0.08796365559101105,-0.1771046221256256,294.65496826171875,0.0496114045381546
4323442.743,1520,1496,634013971,220.13,103149897,0.020610759034752846,-0.13561390340328217,294.7393798828125,0.019391797482967377
4323542.743,1549,1496,634013971,220.13,103149897,-0.028364337980747223,-0.18139924108982086,294.79443359375,0.005639132112264633
4323642.743,1627,1496,634013974,220.12,103149885,-0.16885989904403687,-0.11718317121267319,294.8601989746094,0.008434661664068699
4323742.743,1617,1496,634013974,220.12,103149885,0.04383450001478195,-0.06318742036819458,295.1007080078125,0.032930705696344376
4323842.743,1546,1496,634013978,220.1,103149874,-0.2711479067802429,-0.07555851340293884,295.4508972167969,0.059597838670015335
4323942.743,1510,1496,634013978,220.1,103149874,-0.24059954285621643,-0.11739975214004517,295.9986267089844,0.09460917115211487
4324042.743,1508,1496,634013980,220.08,103149865,0.05049315094947815,-0.12092986702919006,296.4395446777344,0.09295891970396042
4324142.743,1507,1496,634013980,220.08,103149865,0.04348523169755936,-0.15142308175563812,296.8056945800781,0.07064831256866455
4324242.743,1507,1496,634013984,220.08,103149855,0.013614771887660027,-0.17353081703186035,297.12762451171875,0.06111712008714676
4324342.743,1507,1496,634013984,220.08,103149855,-0.03930458053946495,-0.12289277464151382,297.5131530761719,0.06888530403375626
4324442.743,1507,1496,634013987,220.06,103149845,0.015100600197911263,-0.22090297937393188,297.96685791015625,0.08110467344522476
4324542.743,1507,1494,634013987,220.06,103149845,-0.0063285669311881065,-0.2027273178100586,298.40167236328125,0.08078211545944214
4324642.743,1507,1493,634013987,220.06,103149845,0.05794967710971832,-0.14371691644191742,298.7216491699219,0.0666409432888031
4324742.743,1507,1493,634013991,220.05,103149830,0.010703609324991703,-0.16762499511241913,298.9195251464844,0.0450596883893013
4324842.743,1507,1493,634013995,220.04,103149820,0.027356266975402832,-0.16896173357963562,299.09088134765625,0.03448385000228882
4324942.743,1507,1493,634013995,220.04,103149820,0.010359080508351326,-0.14862856268882751,299.28155517578125,0.03751378878951073
4325042.743,1507,1493,634013998,220.03,103149810,0.0022256821393966675,-0.12869156897068024,299.53271484375,0.04677088186144829
4325142.743,1506,1493,634013998,220.03,103149810,0.003440632950514555,-0.13182038068771362,299.80810546875,0.05434625595808029
4325242.743,1506,1493,634014001,220.01,103149800,0.004686744883656502,-0.14328056573867798,300.0588073730469,0.049618303775787354
4325342.743,1506,1493,634014001,220.01,103149800,0.01728711649775505,-0.1803322434425354,300.26953125,0.04391136020421982
4325442.743,1506,1493,634014004,219.99,103149791,0.02422213740646839,-0.1922983080148697,300.411376953125,0.03429551422595978
4325542.743,1506,1493,634014004,219.99,103149791,-0.0011901644757017493,-0.19541184604167938,300.5203552246094,0.027781380340456963
4325642.743,1506,1493,634014004,219.99,103149791,0.019002370536327362,-0.16182222962379456,300.6641845703125,0.02685684710741043
4325742.743,1506,1493,634014007,219.99,103149782,0.015453705564141273,-0.16609133780002594,300.787353515625,0.024501990526914597
4325842.743,1506,1493,634014010,219.96,103149773,0.00167950545437634,-0.12244734168052673,300.90533447265625,0.022404374554753304
4325942.743,1506,1493,634014010,219.96,103149773,0.01233003567904234,-0.14215874671936035,301.04412841796875,0.02688009664416313
4326042.743,1506,1493,634014013,219.95,103149764,0.033247366547584534,-0.16230036318302155,301.2037048339844,0.031275130808353424
4326142.743,1506,1493,634014013,219.95,103149764,0.05611296743154526,-0.14875160157680511,301.33099365234375,0.029105868190526962
4326242.743,1506,1493,634014016,219.93,103149754,0.03451462462544441,-0.20952409505844116,301.4039001464844,0.01668088510632515
4326342.743,1506,1493,634014016,219.93,103149754,-0.006713786628097296,-0.16611823439598083,301.4188232421875,0.004380717873573303
4326442.743,1506,1493,634014019,219.92,103149745,-0.04854283481836319,-0.17319586873054504,301.43438720703125,0.002223717048764229
4326542.743,1506,1493,634014019,219.92,103149745,-0.019602514803409576,-0.13292036950588226,301.49139404296875,0.009899028576910496
4326642.743,1506,1493,634014021,219.9,103149738,0.01142739225178957,-0.14117904007434845,301.57196044921875,0.015426632948219776
4326742.743,1506,1493,634014021,219.9,103149738,0.03466971591114998,-0.15702366828918457,301.6459655761719,0.015812184661626816
4326842.743,1506,1493,634014024,219.89,103149730,0.05166667699813843,-0.16127032041549683,301.7318420410156,0.014357229694724083
4326942.743,1506,1493,634014024,219.89,103149730,0.05430656671524048,-0.20560190081596375,301.7598876953125,0.008657153695821762
4327042.743,1506,1493,634014026,219.87,103149720,0.03558003902435303,-0.18069836497306824,301.7284851074219,-0.002142721088603139
4327142.743,1506,1493,634014026,219.87,103149720,-0.0014381520450115204,-0.1857665479183197,301.6585693359375,-0.011589140631258488
4327242.743,1506,1493,634014029,219.86,103149713,-0.04067676514387131,-0.1221093162894249,301.59814453125,-0.009276434779167175
4327342.743,1506,1493,634014029,219.86,103149713,-0.05034181475639343,-0.13093413412570953,301.6187438964844,0.004217667505145073
4327442.743,1506,1493,634014031,219.84,103149706,-0.017275700345635414,-0.14514723420143127,301.7187805175781,0.01831541396677494
4327542.743,1506,1493,634014031,219.84,103149706,0.04656605422496796,-0.18577630817890167,301.80596923828125,0.01934630610048771
4327642.743,1506,1493,634014034,219.84,103149698,0.08439810574054718,-0.2211202085018158,301.7598876953125,0.004056697245687246
4327742.743,1506,1493,634014034,219.84,103149698,0.057964473962783813,-0.1858387142419815,301.64666748046875,-0.016079135239124298
4327842.743,1506,1493,634014036,219.82,103149690,0.011868417263031006,-0.16108465194702148,301.5262451171875,-0.023313868790864944
4327942.743,1506,1493,634014036,219.82,103149690,-0.03284619748592377,-0.10831663757562637,301.46954345703125,-0.01302362885326147
4328042.743,1506,1493,634014038,219.8,103149683,-0.04392010346055031,-0.13833877444267273,301.5152893066406,0.006142428144812584
4328142.743,1506,1493,634014038,219.8,103149683,-0.018092714250087738,-0.15636952221393585,301.6045227050781,0.018964795395731926
4328242.743,1506,1493,634014041,219.79,103149675,0.028560183942317963,-0.18653607368469238,301.6602783203125,0.015594879165291786
4328342.743,1506,1493,634014041,219.79,103149675,0.07301540672779083,-0.19663193821907043,301.6090393066406,-0.00023671341477893293
4328442.743,1506,1493,634014043,219.77,103149667,0.06279800832271576,-0.1894359290599823,301.44891357421875,-0.018814699724316597
4328542.743,1506,1493,634014043,219.77,103149667,-0.008456621319055557,-0.16750264167785645,301.30743408203125,-0.026613596826791763
4328642.743,1506,1493,634014046,219.76,103149661,-0.03928304463624954,-0.1322064995765686,301.2593688964844,-0.015924744307994843
4328742.743,1506,1493,634014046,219.76,103149661,-0.03699082136154175,-0.12704500555992126,301.3040771484375,0.002411531051620841
4328842.743,1506,1493,634014048,219.74,103149654,0.01220325194299221,-0.14304190874099731,301.3702697753906,0.015218321233987808
4328942.743,1506,1493,634014048,219.74,103149654,0.054379820823669434,-0.18122223019599915,301.383544921875,0.013017636723816395
4329042.743,1506,1493,634014050,219.72,103149647,0.07531322538852692,-0.211401104927063,301.29791259765625,-0.0026083935517817736
4329142.743,1506,1493,634014050,219.72,103149647,0.03949746489524841,-0.18858182430267334,301.17437744140625,-0.01795118674635887
4329242.743,1506,1493,634014052,219.72,103149641,-0.004624092020094395,-0.16430287063121796,301.0386657714844,-0.02403615228831768
4329342.743,1506,1493,634014052,219.72,103149641,-0.05056487023830414,-0.13768546283245087,300.95953369140625,-0.017264563590288162
4329442.743,1506,1493,634014053,219.71,103149634,-0.04231252893805504,-0.13475869596004486,300.9552917480469,-0.002139418851584196
4329542.743,1506,1493,634014053,219.71,103149634,-0.0021429010666906834,-0.14322274923324585,301.0099182128906,0.010458528064191341
4329642.743,1506,1493,634014053,219.71,103149634,0.06401287764310837,-0.1777903139591217,301.04046630859375,0.010137529112398624
4329742.743,1506,1493,634014055,219.69,103149628,0.08043737709522247,-0.1978890299797058,301.0149230957031,-0.0014777302276343107
4329842.743,1506,1493,634014058,219.68,103149621,0.04506274312734604,-0.19037693738937378,300.88397216796875,-0.015890387818217278
4329942.743,1506,1493,634014058,219.68,103149621,-0.002630030270665884,-0.17690503597259521,300.74249267578125,-0.022424843162298203
4330042.743,1506,1493,634014060,219.67,103149615,-0.04326163977384567,-0.14515677094459534,300.639404296875,-0.017468897625803947
4330142.743,1506,1493,634014060,219.67,103149615,-0.03742833063006401,-0.13755926489830017,300.6096496582031,-0.004603809677064419
4330242.743,1506,1493,634014062,219.67,103149610,0.012794677168130875,-0.13673117756843567,300.658203125,0.006645662244409323
4330342.743,1506,1493,634014062,219.67,103149610,0.05128920450806618,-0.16464073956012726,300.6741638183594,0.007444479968398809
4330442.743,1506,1493,634014064,219.65,103149604,0.061416029930114746,-0.18050101399421692,300.62774658203125,-0.0024776628706604242
4330542.743,1506,1493,634014064,219.65,103149604,0.032684601843357086,-0.19022385776042938,300.5353698730469,-0.014419779181480408
4330642.743,1506,1493,634014064,219.65,103149604,-0.00507056899368763,-0.1783355176448822,300.4139404296875,-0.01931045390665531
4330742.743,1506,1493,634014066,219.64,103149597,-0.015202761627733707,-0.15672297775745392,300.36981201171875,-0.014085911214351654
4330842.743,1506,1493,634014068,219.63,103149591,0.0008721702033653855,-0.1484391689300537,300.3614807128906,-0.005045690108090639
4330942.743,1506,1493,634014068,219.63,103149591,0.025431130081415176,-0.1423841118812561,300.3398742675781,0.0012653941521421075
4331042.743,1506,1493,634014069,219.62,103149586,0.021619336679577827,-0.15827645361423492,300.3061218261719,0.001629829523153603
4331142.743,1506,1493,634014069,219.62,103149586,0.030713561922311783,-0.17709355056285858,300.2669982910156,-0.0030437407549470663
4331242.743,1506,1493,634014071,219.61,103149580,0.019927648827433586,-0.18688461184501648,300.2066650390625,-0.009499833919107914
4331342.743,1506,1493,634014071,219.61,103149580,0.012423351407051086,-0.17748279869556427,300.12750244140625,-0.013406309299170971
4331442.743,1506,1493,634014073,219.6,103149574,0.015493455342948437,-0.16276711225509644,300.0863342285156,-0.011994431726634502
4331542.743,1506,1493,634014073,219.6,103149574,0.016025876626372337,-0.14941467344760895,300.05316162109375,-0.006939994636923075
4331642.743,1506,1493,634014075,219.59,103149569,0.014091813936829567,-0.13641558587551117,300.0250244140625,-0.0033566607162356377
4331742.743,1506,1493,634014075,219.59,103149569,0.01648757979273796,-0.14824196696281433,299.98992919921875,-0.002612865064293146
4331842.743,1506,1493,634014076,219.57,103149563,0.01899726130068302,-0.1666426956653595,299.9427490234375,-0.00382030475884676
4331942.743,1506,1493,634014076,219.57,103149563,0.025783203542232513,-0.19254542887210846,299.8836669921875,-0.00607656454667449
4332042.743,1506,1493,634014078,219.56,103149558,0.026932841166853905,-0.1887669861316681,299.80670166015625,-0.008953036740422249
4332142.743,1506,1493,634014078,219.56,103149558,0.00934546533972025,-0.16452090442180634,299.73193359375,-0.010502966120839119
4332242.743,1506,1493,634014080,219.55,103149552,0.0031163091771304607,-0.14722268283367157,299.6490478515625,-0.00943569652736187
4332342.743,1506,1493,634014080,219.55,103149552,0.00955296028405428,-0.14433570206165314,299.6078796386719,-0.006481728982180357
4332442.743,1506,1493,634014081,219.54,103149548,0.021442195400595665,-0.15376576781272888,299.5738220214844,-0.004632351920008659
4332542.743,1506,1493,634014081,219.54,103149548,0.026113951578736305,-0.1583467721939087,299.54132080078125,-0.004827139433473349
4332642.743,1506,1493,634014083,219.53,103149542,0.030783498659729958,-0.16965121030807495,299.5114440917969,-0.005493977572768927
4332742.743,1506,1493,634014083,219.53,103149542,0.022266810759902,-0.18700623512268066,299.4707946777344,-0.006701695267111063
4332842.743,1506,1493,634014085,219.53,103149537,0.012161108665168285,-0.18463145196437836,299.40838623046875,-0.00802559219300747
4332942.743,1506,1493,634014085,219.53,103149537,0.016056636348366737,-0.15806275606155396,299.34893798828125,-0.009573530405759811
4333042.743,1506,1493,634014086,219.52,103149532,0.012090162374079227,-0.14063233137130737,299.29302978515625,-0.010149987414479256
4333142.743,1506,1493,634014086,219.52,103149532,0.01845511794090271,-0.14748579263687134,299.26373291015625,-0.00777438422665
4333242.743,1506,1493,634014088,219.51,103149527,0.020888332277536392,-0.16697052121162415,299.2280578613281,-0.004660014063119888
4333342.743,1506,1493,634014088,219.51,103149527,0.02178131230175495,-0.17401008307933807,299.1992492675781,-0.003483559936285019
4333442.743,1506,1493,634014090,219.51,103149522,0.018295124173164368,-0.18013283610343933,299.1379089355469,-0.005284992977976799
4333542.743,1506,1493,634014090,219.51,103149522,0.024223465472459793,-0.1637592315673828,299.06536865234375,-0.008050389587879181
4333642.743,1506,1493,634014091,219.5,103149518,0.023265276104211807,-0.15147896111011505,299.0082092285156,-0.01008320227265358
4333742.743,1506,1493,634014091,219.5,103149518,0.015636591240763664,-0.15470881760120392,298.9418640136719,-0.010787037201225758
4333842.743,1506,1493,634014093,219.5,103149513,0.003582326229661703,-0.16103091835975647,298.8994140625,-0.008612265810370445
4333942.743,1506,1493,634014093,219.5,103149513,0.00711048161610961,-0.16047152876853943,298.8634033203125,-0.005511103663593531
4334042.743,1506,1493,634014094,219.49,103149508,0.01762259751558304,-0.16091632843017578,298.84600830078125,-0.004149268381297588
4334142.743,1506,1493,634014094,219.49,103149508,0.027727467939257622,-0.17067769169807434,298.8230285644531,-0.004840103909373283
4334242.743,1506,1493,634014096,219.49,103149503,0.032078154385089874,-0.17687183618545532,298.7742004394531,-0.007244701497256756
4334342.743,1506,1493,634014096,219.49,103149503,0.028079461306333542,-0.16716477274894714,298.68408203125,-0.010019198060035706
4334442.743,1506,1493,634014097,219.48,103149499,0.010089412331581116,-0.15620389580726624,298.6189270019531,-0.010943561792373657
4334542.743,1506,1493,634014097,219.48,103149499,0.014188607223331928,-0.15796096622943878,298.5693054199219,-0.009399970062077045
4334642.743,1506,1493,634014097,219.48,103149499,0.01068174373358488,-0.15689349174499512,298.54046630859375,-0.007024249993264675
4334742.743,1506,1493,634014099,219.46,103149495,0.025788115337491035,-0.16717582941055298,298.53363037109375,-0.004898000042885542
4334842.743,1506,1493,634014100,219.46,103149490,0.024706153199076653,-0.17373959720134735,298.5084533691406,-0.004773481283336878
4334942.743,1506,1493,634014100,219.46,103149490,0.029216960072517395,-0.16316649317741394,298.4600524902344,-0.006849258206784725
4335042.743,1506,1493,634014102,219.45,103149485,0.026134662330150604,-0.16297467052936554,298.3989562988281,-0.00861519668251276
4335142.743,1506,1493,634014102,219.45,103149485,0.01924658566713333,-0.165716752409935,298.32073974609375,-0.009664518758654594
4335242.743,1506,1493,634014103,219.44,103149481,0.02141057699918747,-0.1637256145477295,298.2808532714844,-0.009742377325892448
4335342.743,1506,1493,634014103,219.44,103149481,0.01929553598165512,-0.16196362674236298,298.21661376953125,-0.008022582158446312
4335442.743,1506,1493,634014104,219.43,103149477,0.01839718222618103,-0.16109459102153778,298.1696472167969,-0.005480130203068256
4335542.743,1506,1493,634014104,219.43,103149477,0.025077203288674355,-0.16031616926193237,298.1385192871094,-0.004289072006940842
4335642.743,1506,1493,634014104,219.43,103149477,0.02358904480934143,-0.16982895135879517,298.1083984375,-0.005676828790456057
4335742.743,1506,1493,634014106,219.42,103149472,0.02270217053592205,-0.1661979705095291,298.0592041015625,-0.008568077348172665
4335842.743,1506,1493,634014107,219.41,103149468,0.02010362222790718,-0.16666170954704285,297.99346923828125,-0.010169587098062038
4335942.743,1506,1493,634014107,219.41,103149468,0.021594371646642685,-0.16451266407966614,297.95294189453125,-0.00893972534686327
4336042.743,1506,1493,634014108,219.41,103149464,0.016073282808065414,-0.1663053184747696,297.8944091796875,-0.00719103030860424
4336142.743,1506,1493,634014108,219.41,103149464,0.017143020406365395,-0.1682179868221283,297.8385009765625,-0.006626444403082132
4336242.743,1506,1493,634014109,219.39,103149459,0.012293187901377678,-0.16417056322097778,297.798828125,-0.006540697533637285
4336342.743,1506,1493,634014109,219.39,103149459,0.015369522385299206,-0.1600843071937561,297.7352294921875,-0.005872687790542841
4336442.743,1506,1493,634014110,219.39,103149456,0.03349623456597328,-0.16022290289402008,297.65753173828125,-0.0057983193546533585
4336542.743,1506,1493,634014110,219.39,103149456,0.029564231634140015,-0.17765316367149353,297.57342529296875,-0.007495238445699215
4336642.743,1506,1493,634014110,219.39,103149456,0.027411848306655884,-0.17519459128379822,297.52374267578125,-0.009667333215475082
4336742.743,1506,1493,634014111,219.39,103149451,0.008186137303709984,-0.1558932662010193,297.473876953125,-0.009449120610952377
4336842.743,1506,1493,634014113,219.37,103149447,0.008080750703811646,-0.1496504247188568,297.4430847167969,-0.00727972062304616
4336942.743,1506,1493,634014113,219.37,103149447,0.017578065395355225,-0.1614888310432434,297.4163513183594,-0.004278623498976231
4337042.743,1506,1493,634014114,219.36,103149443,0.03540613502264023,-0.1635466068983078,297.3866882324219,-0.0038986913859844208
4337142.743,1506,1493,634014114,219.36,103149443,0.034264348447322845,-0.1631111353635788,297.3513488769531,-0.006491478998214006
4337242.743,1506,1493,634014116,219.36,103149438,0.020728982985019684,-0.16783474385738373,297.3061218261719,-0.008965562097728252
4337342.743,1506,1493,634014116,219.36,103149438,0.01218343898653984,-0.159260556101799,297.26409912109375,-0.008615716360509396
4337442.743,1506,1493,634014117,219.34,103149433,0.013604186475276947,-0.16613668203353882,297.2330017089844,-0.006663856096565723
4337542.743,1506,1493,634014117,219.34,103149433,0.029031777754426003,-0.16536752879619598,297.2159423828125,-0.005711409728974104
4337642.743,1506,1493,634014119,219.33,103149428,0.01745115965604782,-0.15457923710346222,297.1947326660156,-0.005879268050193787
4337742.743,1506,1493,634014119,219.33,103149428,0.017718099057674408,-0.1465200036764145,297.177490234375,-0.004653138108551502
4337842.743,1506,1493,634014120,219.32,103149424,0.020072322338819504,-0.15728656947612762,297.15606689453125,-0.0028652704786509275
4337942.743,1506,1493,634014120,219.32,103149424,0.03153594583272934,-0.17457804083824158,297.14007568359375,-0.003607145044952631
4338042.743,1506,1493,634014121,219.32,103149420,0.026450756937265396,-0.1768496036529541,297.0807800292969,-0.0073182424530386925
4338142.743,1506,1493,634014121,219.32,103149420,0.014636419713497162,-0.17049507796764374,297.0262451171875,-0.00981164537370205
4338242.743,1506,1493,634014123,219.31,103149415,0.006169014610350132,-0.15264932811260223,296.9979553222656,-0.006985432468354702
4338342.743,1506,1493,634014123,219.31,103149415,0.019062606617808342,-0.148681178689003,296.9874267578125,-0.0022524986416101456
4338442.743,1506,1493,634014124,219.3,103149411,0.03284129500389099,-0.16283266246318817,296.97491455078125,-0.00041841488564386964
4338542.743,1506,1493,634014124,219.3,103149411,0.02853330411016941,-0.1672215759754181,296.9334716796875,-0.003608698956668377
4338642.743,1506,1493,634014126,219.3,103149407,0.024879375472664833,-0.16445115208625793,296.8851013183594,-0.00675258319824934
4338742.743,1506,1493,634014126,219.3,103149407,0.009678230620920658,-0.1633194237947464,296.8743591308594,-0.0066985925659537315
4338842.743,1506,1493,634014127,219.3,103149402,0.02404073067009449,-0.16684046387672424,296.85565185546875,-0.004642477259039879
4338942.743,1506,1493,634014127,219.3,103149402,0.03184610977768898,-0.16044306755065918,296.81494140625,-0.003276585601270199
4339042.743,1506,1493,634014128,219.29,103149399,0.022963784635066986,-0.15805718302726746,296.7922058105469,-0.004021369852125645
4339142.743,1506,1493,634014128,219.29,103149399,0.011396110989153385,-0.15561893582344055,296.7877197265625,-0.003969843965023756
4339242.743,1506,1493,634014129,219.29,103149395,0.010945195332169533,-0.15649905800819397,296.7821960449219,-0.0021148608066141605
4339342.743,1506,1493,634014129,219.29,103149395,0.026279252022504807,-0.17546413838863373,296.76776123046875,-0.0013216736260801554
4339442.743,1506,1493,634014131,219.29,103149390,0.04405631497502327,-0.18248145282268524,296.7471923828125,-0.0036166654899716377
4339542.743,1506,1493,634014131,219.29,103149390,0.02869080752134323,-0.16500650346279144,296.70306396484375,-0.006525977980345488
4339642.743,1506,1493,634014131,219.29,103149390,0.007033181842416525,-0.14956419169902802,296.6552734375,-0.006834085565060377
4339742.743,1506,1493,634014132,219.28,103149386,0.016248192638158798,-0.14513646066188812,296.63922119140625,-0.0026753991842269897
4339842.743,1506,1493,634014133,219.28,103149382,0.026053953915834427,-0.1636238843202591,296.63287353515625,0.0009703711839392781
4339942.743,1506,1493,634014133,219.28,103149382,0.040355563163757324,-0.17043481767177582,296.61553955078125,-0.000684435130096972
4340042.743,1506,1493,634014134,219.27,103149379,0.02830629236996174,-0.1644589602947235,296.5707702636719,-0.004283245652914047
4340142.743,1506,1493,634014134,219.27,103149379,0.012912724167108536,-0.15969862043857574,296.5323181152344,-0.00567160127684474
4340242.743,1506,1493,634014135,219.27,103149374,0.013555571436882019,-0.15778321027755737,296.5028381347656,-0.0034374739043414593
4340342.743,1506,1493,634014135,219.27,103149374,0.026170335710048676,-0.1644153743982315,296.47125244140625,-0.00197857734747231
4340442.743,1506,1493,634014136,219.26,103149370,0.02991819754242897,-0.16553348302841187,296.4408874511719,-0.0030649988912045956
4340542.743,1506,1493,634014136,219.26,103149370,0.02124243788421154,-0.15124273300170898,296.41497802734375,-0.003664867952466011
4340642.743,1506,1493,634014137,219.26,103149366,0.012008000165224075,-0.1468580812215805,296.3941650390625,-0.001850987900979817
4340742.743,1506,1493,634014137,219.26,103149366,0.027714574709534645,-0.1605769395828247,296.3905944824219,0.00018549358355812728
4340842.743,1506,1493,634014138,219.26,103149364,0.041282057762145996,-0.1819121390581131,296.3829650878906,-0.0009391193743795156
4340942.743,1506,1493,634014138,219.26,103149364,0.032634470611810684,-0.17308387160301208,296.3590393066406,-0.004908071830868721
4341042.743,1506,1493,634014139,219.26,103149359,0.0195083599537611,-0.15639804303646088,296.3258361816406,-0.006501878146082163
4341142.743,1506,1493,634014139,219.26,103149359,0.0010566008277237415,-0.14137069880962372,296.3014831542969,-0.0035697093699127436
4341242.743,1506,1493,634014140,219.26,103149357,0.012498421594500542,-0.1603764295578003,296.307861328125,0.0009460877627134323
4341342.743,1506,1493,634014140,219.26,103149357,0.03247647359967232,-0.180845707654953,296.3030090332031,0.0014266428770497441
4341442.743,1506,1493,634014141,219.25,103149353,0.039977531880140305,-0.1808210015296936,296.27471923828125,-0.002137728501111269
4341542.743,1506,1493,634014141,219.25,103149353,0.024085015058517456,-0.14996559917926788,296.2327575683594,-0.004810835234820843
4341642.743,1506,1493,634014142,219.26,103149349,0.013112010434269905,-0.145819753408432,296.2161560058594,-0.0038003961089998484
4341742.743,1506,1493,634014142,219.26,103149349,0.019330712035298347,-0.16457872092723846,296.2076110839844,-0.0014268569648265839
4341842.743,1506,1493,634014143,219.24,103149346,0.030976049602031708,-0.16893675923347473,296.1839904785156,-0.0013870785478502512
4341942.743,1506,1493,634014143,219.24,103149346,0.021906482055783272,-0.1635219007730484,296.1777648925781,-0.0024425657466053963
4342042.743,1506,1493,634014144,219.24,103149342,0.021023757755756378,-0.1465868353843689,296.1783142089844,-0.0018829654436558485
4342142.743,1506,1493,634014144,219.24,103149342,0.0187138170003891,-0.1520085632801056,296.175537109375,-0.00033832108601927757
4342242.743,1506,1493,634014144,219.24,103149339,0.028883088380098343,-0.17803534865379333,296.1573486328125,-0.00014804161037318408
4342342.743,1506,1493,634014144,219.24,103149339,0.031058039516210556,-0.18477752804756165,296.1322021484375,-0.0025595901533961296
4342442.743,1506,1493,634014145,219.23,103149335,0.022520869970321655,-0.1534132957458496,296.124755859375,-0.004833920858800411
4342542.743,1506,1493,634014145,219.23,103149335,0.01721593178808689,-0.13999474048614502,296.1319885253906,-0.003318618983030319
4342642.743,1506,1493,634014146,219.23,103149332,0.017612837255001068,-0.14881090819835663,296.1621398925781,0.00006010332072037272
4342742.743,1506,1493,634014146,219.23,103149332,0.02898259647190571,-0.17183032631874084,296.2110900878906,0.0017035205382853746
4342842.743,1506,1493,634014147,219.22,103149329,0.0328751876950264,-0.17641612887382507,296.23687744140625,-0.00011641334276646376
4342942.743,1506,1493,634014147,219.22,103149329,0.026096047833561897,-0.1638006716966629,296.23284912109375,-0.0026698769070208073
4343042.743,1506,1493,634014148,219.23,103149326,0.022851116955280304,-0.14378026127815247,296.2063293457031,-0.0036568553186953068
4343142.743,1506,1493,634014148,219.23,103149326,0.02602282166481018,-0.14746832847595215,296.1953125,-0.0024405389558523893
4343242.743,1506,1493,634014149,219.22,103149322,0.025998571887612343,-0.1686495542526245,296.2109069824219,-0.0003443930181674659
4343342.743,1506,1493,634014149,219.22,103149322,0.028350839391350746,-0.16746565699577332,296.21734619140625,0.000009593790309736505
4343442.743,1506,1493,634014150,219.21,103149319,0.025540528818964958,-0.16474193334579468,296.2174072265625,-0.0011768396943807602
4343542.743,1506,1493,634014150,219.21,103149319,0.01659180223941803,-0.15807880461215973,296.2206115722656,-0.001189723494462669
4343642.743,1506,1493,634014151,219.19,103149315,0.028828859329223633,-0.16686171293258667,296.2137756347656,-0.0003453640383668244
4343742.743,1506,1493,634014151,219.19,103149315,0.031134454533457756,-0.1714399755001068,296.2090759277344,-0.00125365168787539
4343842.743,1506,1493,634014152,219.18,103149312,0.028248857706785202,-0.16729211807250977,296.21649169921875,-0.002766577061265707
4343942.743,1506,1493,634014152,219.18,103149312,0.023090125992894173,-0.14868101477622986,296.2261962890625,-0.0024838040117174387
4344042.743,1506,1493,634014152,219.17,103149307,0.01728561706840992,-0.14026004076004028,296.2474670410156,-0.0010095329489558935
4344142.743,1506,1493,634014152,219.17,103149307,0.024671252816915512,-0.1610194891691208,296.2850036621094,0.001073709805496037
4344242.743,1506,1493,634014153,219.15,103149303,0.02785627916455269,-0.17818686366081238,296.2989501953125,0.0011548614129424095
4344342.743,1506,1493,634014153,219.15,103149303,0.03248722106218338,-0.17221975326538086,296.29229736328125,-0.001178341917693615
4344442.743,1506,1493,634014154,219.13,103149299,0.022572584450244904,-0.1564691662788391,296.281494140625,-0.0027830961626023054
4344542.743,1506,1493,634014154,219.13,103149299,0.02386215329170227,-0.14900699257850647,296.25506591796875,-0.0026952617336064577
4344642.743,1506,1493,634014155,219.12,103149295,0.02285679429769516,-0.16523760557174683,296.2474670410156,-0.001135250087827444
4344742.743,1506,1493,634014155,219.12,103149295,0.018628306686878204,-0.17356102168560028,296.2727355957031,0.00016392357065342367
4344842.743,1506,1493,634014156,219.11,103149292,0.023115457966923714,-0.17100465297698975,296.2760009765625,0.0003989828983321786
4344942.743,1506,1493,634014156,219.11,103149292,0.023580051958560944,-0.14906826615333557,296.2713623046875,-0.00030509557109326124
4345042.743,1506,1493,634014157,219.09,103149289,0.025340083986520767,-0.14962129294872284,296.29168701171875,-0.0009124093921855092
4345142.743,1506,1493,634014157,219.09,103149289,0.02474207431077957,-0.16291680932044983,296.3038635253906,-0.0011983901495113969
4345242.743,1506,1493,634014158,219.07,103149285,0.02299629896879196,-0.17656609416007996,296.3097229003906,-0.0014463060069829226
4345342.743,1506,1493,634014158,219.07,103149285,0.022213639691472054,-0.16297146677970886,296.2987060546875,-0.0017892401665449142
4345442.743,1506,1493,634014159,219.06,103149281,0.01801832765340805,-0.14757771790027618,296.28497314453125,-0.001037298934534192
4345542.743,1506,1493,634014159,219.06,103149281,0.03137097507715225,-0.15400069952011108,296.2827453613281,-0.00006248932186281309
4345642.743,1506,1493,634014160,219.05,103149278,0.03406430780887604,-0.1728636473417282,296.2904052734375,0.00020947035227436572
4345742.743,1506,1493,634014160,219.05,103149278,0.03115852177143097,-0.17775878310203552,296.29217529296875,-0.0005108484765514731
4345842.743,1506,1493,634014160,219.04,103149274,0.021678581833839417,-0.15986225008964539,296.2784423828125,-0.0017695653950795531
4345942.743,1506,1493,634014160,219.04,103149274,0.021430213004350662,-0.14721395075321198,296.261962890625,-0.0018093545222654939
4346042.743,1506,1493,634014161,219.02,103149271,0.015469877980649471,-0.15722383558750153,296.2308349609375,-0.0011738532921299338
4346142.743,1506,1493,634014161,219.02,103149271,0.029135877266526222,-0.16539070010185242,296.2212829589844,0.0003114662831649184
4346242.743,1506,1493,634014162,219.02,103149267,0.027129966765642166,-0.1715739369392395,296.226806640625,0.0009169171680696309
4346342.743,1506,1493,634014162,219.02,103149267,0.03409019485116005,-0.16570423543453217,296.227294921875,-0.0002444216806907207
4346442.743,1506,1493,634014163,219,103149263,0.030289197340607643,-0.1472713053226471,296.2325439453125,-0.0015368106542155147
4346542.743,1506,1493,634014163,219,103149263,0.018825046718120575,-0.1554688960313797,296.2198791503906,-0.001653154380619526
4346642.743,1506,1493,634014163,219,103149263,0.019545553252100945,-0.16459038853645325,296.2004089355469,-0.0005929293110966682
4346742.743,1506,1493,634014164,218.99,103149260,0.01995743066072464,-0.17107853293418884,296.1968994140625,0.00032548399758525193
4346842.743,1506,1493,634014165,218.98,103149257,0.02551315911114216,-0.15911459922790527,296.20977783203125,0.000019579241779865697
4346942.743,1506,1493,634014165,218.98,103149257,0.033592287451028824,-0.15718324482440948,296.2157287597656,-0.0007133334875106812
4347042.743,1506,1493,634014166,218.96,103149254,0.027507726103067398,-0.16081956028938293,296.22998046875,-0.0005689978133887053
4347142.743,1506,1493,634014166,218.96,103149254,0.03173261135816574,-0.1692522019147873,296.2413330078125,-0.0004995658528059721
4347242.743,1506,1493,634014167,218.95,103149251,0.03687765821814537,-0.1595831662416458,296.2288513183594,-0.0001274405949516222
4347342.743,1506,1493,634014167,218.95,103149251,0.027851881459355354,-0.15427733957767487,296.2354431152344,-0.0010055246530100703
4347442.743,1506,1493,634014168,218.94,103149248,0.021044347435235977,-0.16189339756965637,296.261962890625,-0.0013993139145895839
4347542.743,1506,1493,634014168,218.94,103149248,0.014643130823969841,-0.1690329611301422,296.273193359375,-0.0007234970689751208
4347642.743,1506,1493,634014169,218.93,103149245,0.022761736065149307,-0.1687125861644745,296.2820129394531,0.0003172320721205324
4347742.743,1506,1493,634014169,218.93,103149245,0.02741805836558342,-0.16401070356369019,296.29205322265625,0.0006433639791794121
4347842.743,1506,1493,634014169,218.91,103149241,0.028204739093780518,-0.156382218003273,296.3046875,-0.00024405296426266432
4347942.743,1506,1493,634014169,218.91,103149241,0.02551126480102539,-0.16399578750133514,296.3179931640625,-0.0013648794265463948
4348042.743,1506,1493,634014170,218.9,103149239,0.02293841354548931,-0.15998965501785278,296.32470703125,-0.0012910945806652308
4348142.743,1506,1493,634014170,218.9,103149239,0.02740958333015442,-0.16655048727989197,296.33319091796875,0.00030889714253135026
4348242.743,1506,1493,634014171,218.89,103149236,0.03296346962451935,-0.1621669977903366,296.34429931640625,0.0010383989429101348
4348342.743,1506,1493,634014171,218.89,103149236,0.0298369899392128,-0.15379847586154938,296.3424072265625,0.00043187529081478715
4348442.743,1506,1493,634014171,218.87,103149234,0.024727676063776016,-0.15584343671798706,296.3250427246094,-0.0006066395435482264
4348542.743,1506,1493,634014171,218.87,103149234,0.020597288385033607,-0.17027193307876587,296.32952880859375,-0.00045243409113027155
4348642.743,1506,1493,634014171,218.87,103149234,0.024955231696367264,-0.17015549540519714,296.334228515625,0.00045015831710770726
4348742.743,1506,1493,634014172,218.86,103149231,0.026567794382572174,-0.15717872977256775,296.3296813964844,0.0010287573095411062
4348842.743,1506,1493,634014173,218.84,103149230,0.030903205275535583,-0.1509031355381012,296.33416748046875,0.00023827797849662602
4348942.743,1506,1493,634014173,218.84,103149230,0.025472141802310944,-0.15797778964042664,296.3231201171875,-0.0005818309145979583
4349042.743,1506,1493,634014173,218.82,103149227,0.021353745833039284,-0.1755247414112091,296.3258972167969,0.000143129174830392
4349142.743,1506,1493,634014173,218.82,103149227,0.024211835116147995,-0.16806353628635406,296.3367614746094,0.0017250203527510166
4349242.743,1506,1493,634014174,218.81,103149225,0.02942025661468506,-0.16112038493156433,296.34033203125,0.0013385445345193148
4349342.743,1506,1493,634014174,218.81,103149225,0.028386486694216728,-0.14943867921829224,296.338134765625,-0.00003248614302719943
4349442.743,1506,1493,634014174,218.79,103149222,0.026782115921378136,-0.15861932933330536,296.3426513671875,-0.0003904732584487647
4349542.743,1506,1493,634014174,218.79,103149222,0.02068963646888733,-0.16000626981258392,296.3799133300781,0.00045818096259608865
4349642.743,1506,1493,634014175,218.77,103149219,0.027411513030529022,-0.1606748402118683,296.42779541015625,0.0018077120184898376
4349742.743,1506,1493,634014175,218.77,103149219,0.03168477118015289,-0.15703429281711578,296.4488830566406,0.0017720527248457074
4349842.743,1506,1493,634014176,218.75,103149216,0.033143751323223114,-0.16254979372024536,296.47857666015625,0.0003373294894117862
4349942.743,1506,1493,634014176,218.75,103149216,0.01879420317709446,-0.15561839938163757,296.510009765625,-0.0004596810613293201
4350042.743,1506,1493,634014176,218.74,103149214,0.01997542753815651,-0.1644681990146637,296.5037536621094,0.0008482917910441756
4350142.743,1506,1493,634014176,218.74,103149214,0.0261552594602108,-0.16022014617919922,296.4907531738281,0.0018454703968018293
4350242.743,1506,1493,634014177,218.72,103149211,0.03392568975687027,-0.15825921297073364,296.503662109375,0.0019380026496946812
4350342.743,1506,1493,634014177,218.72,103149211,0.027817044407129288,-0.1534603238105774,296.528076171875,0.0005759723135270178
4350442.743,1506,1493,634014178,218.7,103149209,0.021836120635271072,-0.15729902684688568,296.5511779785156,0.00047221421846188605
4350542.743,1506,1493,634014178,218.7,103149209,0.02039988711476326,-0.16244278848171234,296.55743408203125,0.0013499923516064882
4350642.743,1506,1493,634014178,218.7,103149209,0.02674945816397667,-0.16332657635211945,296.5531005859375,0.002216881141066551
4350742.743,1506,1493,634014178,218.68,103149207,0.033001795411109924,-0.15779012441635132,296.54803466796875,0.0017229149816557765
4350842.743,1506,1493,634014179,218.66,103149204,0.024472299963235855,-0.15830184519290924,296.54693603515625,0.0008528733160346746
4350942.743,1506,1493,634014179,218.66,103149204,0.025230679661035538,-0.15908372402191162,296.5428466796875,0.0008710044203326106
4351042.743,1506,1493,634014180,218.65,103149201,0.018727365881204605,-0.16464096307754517,296.5383605957031,0.0017329922411590815
4351142.743,1506,1493,634014180,218.65,103149201,0.032353725284338,-0.15458522737026215,296.53814697265625,0.00252489373087883
4351242.743,1506,1493,634014181,218.63,103149199,0.02750362642109394,-0.15616297721862793,296.5326232910156,0.001943772193044424
4351342.743,1506,1493,634014181,218.63,103149199,0.03364977240562439,-0.15870517492294312,296.530517578125,0.001029105973429978
4351442.743,1506,1493,634014181,218.62,103149197,0.021521873772144318,-0.1640668660402298,296.52703857421875,0.0006945800851099193
4351542.743,1506,1493,634014181,218.62,103149197,0.024278957396745682,-0.16309964656829834,296.54412841796875,0.0023862216621637344
4351642.743,1506,1493,634014181,218.62,103149197,0.03285577893257141,-0.1595713347196579,296.5711669921875,0.0034052657429128885
4351742.743,1506,1493,634014182,218.6,103149194,0.02995547652244568,-0.17029498517513275,296.5610046386719,0.002328834729269147
4351842.743,1506,1493,634014183,218.59,103149192,0.026493921875953674,-0.16388539969921112,296.5550537109375,0.00035159196704626083
4351942.743,1506,1493,634014183,218.59,103149192,0.0130822928622365,-0.15895119309425354,296.56298828125,0.0005214794655330479
4352042.743,1506,1493,634014184,218.58,103149189,0.01953696273267269,-0.15780432522296906,296.59027099609375,0.0029102195985615253
4352142.743,1506,1493,634014184,218.58,103149189,0.028507644310593605,-0.1615818440914154,296.6268615722656,0.003976502455770969
4352242.743,1506,1493,634014185,218.56,103149187,0.030693883076310158,-0.16267897188663483,296.6450500488281,0.0025279049295932055
4352342.743,1506,1493,634014185,218.56,103149187,0.024113407358527184,-0.1597810834646225,296.6507873535156,0.0008183000609278679
4352442.743,1506,1493,634014186,218.55,103149185,0.022182105109095573,-0.16323503851890564,296.66021728515625,0.0011918453965336084
4352542.743,1506,1493,634014186,218.55,103149185,0.020465251058340073,-0.16196823120117188,296.67437744140625,0.002961669350042939
4352642.743,1506,1493,634014187,218.54,103149182,0.026686163619160652,-0.1545703113079071,296.7016906738281,0.004098583944141865
4352742.743,1506,1493,634014187,218.54,103149182,0.02536075934767723,-0.16327840089797974,296.73223876953125,0.0027918454725295305
4352842.743,1506,1493,634014188,218.53,103149180,0.027459176257252693,-0.16827093064785004,296.7602233886719,0.001598826260305941
4352942.743,1506,1493,634014188,218.53,103149180,0.02752639353275299,-0.16493654251098633,296.7961120605469,0.0019561946392059326
4353042.743,1506,1493,634014189,218.51,103149177,0.03177168592810631,-0.15731850266456604,296.82232666015625,0.0033369408920407295
4353142.743,1506,1493,634014189,218.51,103149177,0.026922745630145073,-0.15936200320720673,296.82086181640625,0.004049221053719521
4353242.743,1506,1493,634014190,218.51,103149175,0.024724939838051796,-0.16212695837020874,296.82763671875,0.002982825506478548
4353342.743,1506,1493,634014190,218.51,103149175,0.02125360630452633,-0.16124218702316284,296.836181640625,0.0016810062807053328
4353442.743,1506,1493,634014191,218.49,103149172,0.021771546453237534,-0.16154828667640686,296.8560485839844,0.002718492178246379
4353542.743,1506,1493,634014191,218.49,103149172,0.03014586865901947,-0.15152859687805176,296.872802734375,0.004076561890542507
4353642.743,1506,1493,634014191,218.49,103149172,0.031951550394296646,-0.15788081288337708,296.8817138671875,0.0039401911199092865
4353742.743,1506,1493,634014192,218.48,103149171,0.031211886554956436,-0.16935494542121887,296.877197265625,0.0023849280551075935
4353842.743,1506,1493,634014192,218.47,103149169,0.024491792544722557,-0.1662869155406952,296.86517333984375,0.0014759600162506104
4353942.743,1506,1493,634014192,218.47,103149169,0.026814254000782967,-0.16448891162872314,296.86651611328125,0.0025536008179187775
4354042.743,1506,1493,634014193,218.46,103149168,0.028788316994905472,-0.1601274013519287,296.89263916015625,0.0037827459163963795
4354142.743,1506,1493,634014193,218.46,103149168,0.0337415374815464,-0.15631186962127686,296.91546630859375,0.003929029684513807
4354242.743,1506,1493,634014193,218.45,103149166,0.028538046404719353,-0.15644678473472595,296.94091796875,0.0036330786533653736
4354342.743,1506,1493,634014193,218.45,103149166,0.030128944665193558,-0.16719526052474976,296.9424133300781,0.0026768269017338753
4354442.743,1506,1493,634014194,218.44,103149164,0.02362390048801899,-0.16938753426074982,296.91790771484375,0.0023461950477212667
4354542.743,1506,1493,634014194,218.44,103149164,0.02798455022275448,-0.16106289625167847,296.89849853515625,0.0026714284904301167
4354642.743,1506,1493,634014194,218.44,103149164,0.02856193482875824,-0.15469764173030853,296.9056701660156,0.003245643340051174
4354742.743,1506,1493,634014194,218.43,103149162,0.030505333095788956,-0.15954968333244324,296.9259338378906,0.002980136778205633
4354842.743,1506,1493,634014194,218.42,103149161,0.03364420682191849,-0.15590469539165497,296.95159912109375,0.0032350365072488785
4354942.743,1506,1493,634014194,218.42,103149161,0.02411697618663311,-0.16083034873008728,296.9866027832031,0.0038155298680067062